id,ElementProperty|MagpieData minimum MendeleevNumber,ElementProperty|MagpieData maximum MendeleevNumber,ElementProperty|MagpieData range NfValence,ElementProperty|MagpieData mean Electronegativity,YangSolidSolution|Yang delta,ValenceOrbital|frac d valence electrons,ElementProperty|MagpieData avg_dev AtomicWeight,ElementProperty|MagpieData mean MendeleevNumber,ElementProperty|MagpieData range Electronegativity,ElementProperty|MagpieData mean CovalentRadius,ElementProperty|MagpieData avg_dev MendeleevNumber,ElementProperty|MagpieData maximum NdValence,ElementProperty|MagpieData range NUnfilled,ElementProperty|MagpieData mean NUnfilled,ElementProperty|MagpieData mean NdValence,ElementProperty|MagpieData avg_dev Electronegativity,ElementProperty|MagpieData avg_dev NValence,ElementProperty|MagpieData maximum NUnfilled,AtomicOrbitals|gap_AO,ElementProperty|MagpieData maximum CovalentRadius,ValenceOrbital|frac s valence electrons,ElementProperty|MagpieData range MendeleevNumber,ElementProperty|MagpieData maximum Electronegativity,ValenceOrbital|frac f valence electrons,ElementProperty|MagpieData minimum Electronegativity,ElementProperty|MagpieData maximum NValence,ElementProperty|MagpieData mean NdUnfilled,ElementProperty|MagpieData mode NUnfilled,ElementProperty|MagpieData maximum NdUnfilled,ElementProperty|MagpieData avg_dev NUnfilled,hull_distance
34072651,50,73,0,2.002,0.212789304679212,0.476190476190476,38.284233824,63.4,0.55,119.4,10.72,5,1,5.4,2.0,0.1568,1.44,6,0.0,154,0.380952380952381,23,2.16,0.0,1.61,6,2.0,5,5,0.48,
95063127,59,73,0,2.05,0.200159611154652,0.592592592592593,41.618073824,67.0,0.67,114.6,6.4,8,2,4.2,3.2,0.184,2.88,5,0.0,142,0.296296296296296,14,2.28,0.0,1.61,9,0.8,3,2,0.96,
62945318,56,73,0,2.018,0.203555222517664,0.56,40.737033824,65.8,0.59,116.2,7.84,7,1,4.6,2.8,0.1632,2.4,5,0.0,146,0.32,17,2.2,0.0,1.61,8,1.2,4,3,0.48,
60897513,51,73,14,2.082,0.205321731788082,0.163265306122449,80.466633824,63.8,0.75,122.6,10.24,4,1,5.4,1.6,0.2224,8.16,6,0.0,162,0.204081632653061,22,2.36,0.571428571428571,1.61,20,2.4,5,6,0.48,
17042638,58,73,0,1.89,0.190002022649909,0.518518518518518,20.511367424,66.6,0.43,108.2,6.88,7,2,4.2,2.8,0.12,2.88,5,0.0,126,0.37037037037037,15,2.04,0.0,1.61,9,1.2,3,3,0.96,
87904612,49,73,0,1.802,0.196964612064823,0.476190476190476,17.181561824,63.0,0.43,113.4,11.2,5,1,5.4,2.0,0.1904,1.44,6,0.0,139,0.380952380952381,24,2.04,0.0,1.61,6,2.0,5,5,0.48,
78510264,55,73,0,1.87,0.190002022649909,0.48,19.029033824,65.4,0.43,110.6,8.32,6,1,4.6,2.4,0.136,2.4,5,0.0,132,0.4,18,2.04,0.0,1.61,8,1.6,4,4,0.48,
23045176,61,73,0,1.902,0.191265628968897,0.551724137931034,20.396265824,67.8,0.43,107.4,5.44,8,3,3.8,3.2,0.1168,3.36,5,0.0,124,0.344827586206897,12,2.04,0.0,1.61,10,0.8,2,2,1.44,
71453068,53,73,0,1.898,0.207130730050934,0.434782608695652,39.263433824,64.6,0.43,116.6,9.28,5,0,5.0,2.0,0.1152,1.92,5,0.0,147,0.434782608695652,20,2.04,0.0,1.61,7,2.0,5,5,0.0,
45628709,46,73,0,1.79,0.203555222517664,0.315789473684211,16.675353824,61.8,0.43,119.0,12.64,3,2,5.8,1.2,0.2,0.96,7,0.0,153,0.526315789473684,27,2.04,0.0,1.61,5,2.8,5,7,0.96,
43972106,59,84,0,2.164,0.178187175712809,0.666666666666667,39.727936,69.2,0.24,114.2,8.16,10,2,3.8,5.2,0.0991999999999999,3.84,5,0.0,142,0.205128205128205,25,2.28,0.0,2.04,15,0.8,3,2,0.96,
54879302,56,84,0,2.132,0.184561293402918,0.648648648648649,39.140576,68.0,0.16,115.8,9.6,10,2,4.2,4.8,0.0736,3.52,5,0.0,146,0.216216216216216,28,2.2,0.0,2.04,15,1.2,4,3,0.64,
34681702,51,84,14,2.196,0.187750550694611,0.295081967213115,72.796224,66.0,0.32,122.2,12.0,10,3,5.0,3.6,0.1312,7.36,6,0.0,162,0.163934426229508,33,2.36,0.459016393442623,2.04,20,2.4,5,6,0.8,
61784935,50,84,0,2.116,0.200490193411229,0.606060606060606,37.505376,65.6,0.14,119.0,12.48,10,3,5.0,4.0,0.0608,3.36,6,0.0,154,0.242424242424242,34,2.18,0.0,2.04,15,2.0,5,5,0.8,
67409258,50,81,14,2.146,0.264762521262011,0.434782608695652,58.66992,65.0,0.29,124.4,12.0,10,2,5.2,4.0,0.0848,7.52,6,0.0,154,0.173913043478261,31,2.33,0.304347826086956,2.04,28,2.0,5,5,0.64,
68427591,50,83,0,2.118,0.209236908423423,0.434782608695652,37.64547808,65.4,0.15,116.6,12.32,5,3,5.0,2.0,0.0624,1.28,6,0.0,154,0.347826086956522,33,2.19,0.0,2.04,6,2.0,5,5,0.8,
14387690,50,88,0,2.196,0.208181128439005,0.416666666666667,37.47088,66.4,0.54,116.2,13.12,5,4,4.8,2.0,0.1536,1.44,6,0.0,154,0.333333333333333,38,2.58,0.0,2.04,6,2.0,5,5,1.12,
89604375,51,81,14,2.226,0.263402454957875,0.243243243243243,86.79152,65.4,0.32,127.6,11.52,10,2,5.2,3.6,0.1488,9.44,6,0.0,162,0.135135135135135,30,2.36,0.567567567567568,2.04,28,2.4,5,6,0.64,
71305486,59,83,0,2.166,0.18391049142992,0.551724137931034,40.97931808,69.0,0.24,111.8,8.0,8,2,3.8,3.2,0.1008,2.56,5,0.0,142,0.275862068965517,24,2.28,0.0,2.04,9,0.8,3,2,0.96,
18325407,56,83,0,2.134,0.191249486918778,0.518518518518518,40.09827808,67.8,0.16,113.4,9.44,7,2,4.2,2.8,0.0752,2.08,5,0.0,146,0.296296296296296,27,2.2,0.0,2.04,8,1.2,4,3,0.64,
19483527,51,83,14,2.198,0.194888460581358,0.156862745098039,79.82787808,65.8,0.32,119.8,11.84,4,3,5.0,1.6,0.1296,7.84,6,0.0,162,0.196078431372549,32,2.36,0.549019607843137,2.04,20,2.4,5,6,0.8,
67435291,59,81,14,2.194,0.262937277792971,0.5,60.89248,68.6,0.29,119.6,7.68,10,2,4.0,5.2,0.1232,7.04,5,0.0,146,0.153846153846154,22,2.33,0.269230769230769,2.04,28,0.8,3,2,0.8,
51763480,59,88,0,2.244,0.183016696114988,0.533333333333333,40.80472,70.0,0.54,111.4,8.8,8,3,3.6,3.2,0.1632,2.4,5,0.0,142,0.266666666666667,29,2.58,0.0,2.04,9,0.8,3,2,1.12,
30975426,56,81,14,2.162,0.263192564548187,0.48,60.30512,67.4,0.29,121.2,9.12,10,1,4.4,4.8,0.0976,7.2,5,0.057541,146,0.16,25,2.33,0.28,2.04,28,1.2,4,3,0.48,
71403958,56,88,0,2.212,0.190303673560118,0.5,39.92368,68.8,0.54,113.0,10.24,7,3,4.0,2.8,0.1472,2.08,5,0.0,146,0.285714285714286,32,2.58,0.0,2.04,8,1.2,4,3,0.8,
35897402,51,88,14,2.276,0.193918507395057,0.153846153846154,79.65328,66.8,0.54,119.4,12.64,4,4,4.8,1.6,0.1888,7.68,6,0.0,162,0.192307692307692,37,2.58,0.538461538461538,2.04,20,2.4,5,6,1.12,
27156309,50,72,0,2.018,0.234756787323376,0.666666666666667,43.50368,62.8,0.47,124.0,10.24,10,6,4.4,4.0,0.1312,2.4,6,0.0,154,0.266666666666667,22,2.16,0.0,1.69,12,2.0,5,5,1.76,
39186520,59,72,0,2.066,0.2279288267092,0.722222222222222,45.72624,66.4,0.59,119.2,5.92,10,5,3.2,5.2,0.1712,3.36,5,0.0496039999999999,144,0.222222222222222,13,2.28,0.0,1.69,12,0.8,3,2,1.44,
19436725,56,72,0,2.034,0.229617304492512,0.705882352941177,45.13888,65.2,0.51,120.8,7.36,10,5,3.6,4.8,0.1376,3.04,5,0.006147,146,0.235294117647059,16,2.2,0.0,1.69,12,1.2,4,3,1.44,
10693257,51,72,14,2.098,0.230543921141055,0.310344827586207,71.62528,63.2,0.67,127.2,9.76,10,6,4.4,3.6,0.2096,6.88,6,0.0,162,0.172413793103448,21,2.36,0.482758620689655,1.69,20,2.4,5,6,1.76,
56124780,58,72,0,1.906,0.223945679042768,0.666666666666667,31.6551024,66.0,0.35,112.8,6.4,10,5,3.2,4.8,0.1072,3.36,5,0.0,144,0.277777777777778,14,2.04,0.0,1.69,12,1.2,3,3,1.44,
25976038,55,72,0,1.886,0.223945679042768,0.647058823529412,30.66688,64.8,0.35,115.2,7.84,10,5,3.6,4.4,0.1232,3.04,5,0.090821,144,0.294117647058823,17,2.04,0.0,1.69,12,1.6,4,4,1.44,
59387142,61,72,0,1.918,0.22431623524546,0.684210526315789,31.578368,67.2,0.35,112.0,4.96,10,5,2.8,5.2,0.0976,3.68,5,0.006536,144,0.263157894736842,11,2.04,0.0,1.69,12,0.8,2,2,1.76,
87563140,53,72,0,1.914,0.231522992329165,0.625,44.15648,64.0,0.35,121.2,8.8,10,5,4.0,4.0,0.1008,2.72,5,0.0,147,0.3125,19,2.04,0.0,1.69,12,2.0,5,5,1.6,
50987241,58,84,0,2.004,0.15612386257877,0.615384615384615,25.6567984,68.8,0.3,107.8,8.64,10,2,3.8,4.8,0.0992000000000001,3.84,5,0.0,126,0.256410256410256,26,2.18,0.0,1.88,15,1.2,3,3,0.96,
34012568,58,81,14,2.034,0.263891812849298,0.461538461538462,55.1449288,68.2,0.45,113.2,8.16,10,2,4.0,4.8,0.1232,7.04,5,0.0,146,0.192307692307692,23,2.33,0.269230769230769,1.88,28,1.2,3,3,0.8,
13085762,58,83,0,2.006,0.157618547511842,0.482758620689655,19.87261168,68.6,0.31,105.4,8.48,7,2,3.8,2.8,0.1008,2.56,5,0.0,126,0.344827586206897,25,2.19,0.0,1.88,9,1.2,3,3,0.96,
12904576,58,88,0,2.084,0.156956739165573,0.466666666666667,19.6980136,69.6,0.7,105.0,9.28,7,3,3.6,2.8,0.1984,2.4,5,0.0,126,0.333333333333333,30,2.58,0.0,1.88,9,1.2,3,3,1.12,
24035867,58,79,0,1.97,0.155709800070947,0.631578947368421,25.2917424,67.8,0.16,108.0,7.84,10,2,4.0,4.8,0.072,3.68,5,0.0,126,0.263157894736842,21,2.04,0.0,1.88,14,1.2,3,3,0.8,
40326571,58,78,0,1.948,0.154906931004829,0.5,20.3347336,67.6,0.16,106.2,7.68,7,2,4.0,2.8,0.0736,2.72,5,0.0,126,0.357142857142857,20,2.04,0.0,1.88,9,1.2,3,3,0.8,
16504783,58,80,0,1.96,0.21943403815018,0.631578947368421,32.6629424,68.0,0.16,111.8,8.0,10,2,4.0,4.8,0.0640000000000001,3.68,5,0.0,139,0.263157894736842,22,2.04,0.0,1.88,14,1.2,3,3,0.8,
58029641,49,84,0,1.916,0.171830132537853,0.606060606060606,23.436928,65.2,0.52,113.0,12.96,10,3,5.0,4.0,0.2048,3.36,6,0.0,139,0.242424242424242,35,2.18,0.0,1.66,15,2.0,5,5,0.8,
67198240,49,81,14,1.946,0.262909117334157,0.434782608695652,56.254864,64.6,0.67,118.4,12.48,10,2,5.2,4.0,0.2288,7.52,6,0.0,146,0.173913043478261,32,2.33,0.304347826086956,1.66,28,2.0,5,5,0.64,
82769514,49,83,0,1.918,0.17649185829694,0.434782608695652,16.54280608,65.0,0.53,110.6,12.8,5,3,5.0,2.0,0.2064,1.28,6,0.0,139,0.347826086956522,34,2.19,0.0,1.66,6,2.0,5,5,0.8,
57043269,49,88,0,1.996,0.17565566424556,0.416666666666667,16.579872,66.0,0.92,110.2,13.6,5,4,4.8,2.0,0.2688,1.44,6,0.0,139,0.333333333333333,39,2.58,0.0,1.66,6,2.0,5,5,1.12,
50129364,49,72,0,1.818,0.226472471692405,0.666666666666667,29.435232,62.4,0.38,118.0,10.72,10,6,4.4,4.0,0.1776,2.4,6,0.0,144,0.266666666666667,23,2.04,0.0,1.66,12,2.0,5,5,1.76,
25986740,49,74,0,1.842,0.186658751975725,0.645161290322581,22.605152,63.2,0.38,113.6,11.36,10,1,5.4,4.0,0.1584,2.72,6,0.0,139,0.258064516129032,25,2.04,0.0,1.66,13,2.0,5,5,0.48,
34105672,49,79,0,1.882,0.171719548408983,0.625,23.071872,64.2,0.38,113.2,12.16,10,2,5.2,4.0,0.1776,3.04,6,0.0,139,0.25,30,2.04,0.0,1.66,14,2.0,5,5,0.64,
78691503,49,75,0,1.836,0.222451146254413,0.645161290322581,29.820352,63.4,0.38,117.6,11.52,10,1,5.4,4.0,0.1632,2.72,6,0.0,142,0.258064516129032,26,2.04,0.0,1.66,13,2.0,5,5,0.48,
37419068,49,78,0,1.86,0.172044228070584,0.454545454545454,17.004928,64.0,0.38,111.4,12.0,5,2,5.2,2.0,0.16,1.28,6,0.0,139,0.363636363636364,29,2.04,0.0,1.66,6,2.0,5,5,0.64,
32714856,49,80,0,1.872,0.222451146254413,0.625,30.443072,64.4,0.38,117.0,12.32,10,2,5.2,4.0,0.1696,3.04,6,0.0,139,0.25,31,2.04,0.0,1.66,14,2.0,5,5,0.64,
83429561,55,84,0,1.984,0.15612386257877,0.594594594594595,24.668576,67.6,0.35,110.2,10.08,10,2,4.2,4.4,0.1232,3.52,5,0.0,132,0.27027027027027,29,2.18,0.0,1.83,15,1.6,4,4,0.64,
69538402,55,81,14,2.014,0.263891812849298,0.44,55.63904,67.0,0.5,115.6,9.6,10,1,4.4,4.4,0.1472,7.2,5,0.097071,146,0.2,26,2.33,0.28,1.83,28,1.6,4,4,0.48,
71465098,55,83,0,1.986,0.157618547511842,0.444444444444444,18.39027808,67.4,0.36,107.8,9.92,6,2,4.2,2.4,0.1248,2.08,5,0.0,132,0.37037037037037,28,2.19,0.0,1.83,8,1.6,4,4,0.64,
94715302,55,88,0,2.064,0.156956739165573,0.428571428571429,18.21568,68.4,0.75,107.4,10.72,6,3,4.0,2.4,0.2064,2.08,5,0.0,132,0.357142857142857,33,2.58,0.0,1.83,8,1.6,4,4,0.8,
32468591,55,79,0,1.95,0.155709800070947,0.611111111111111,24.30352,66.6,0.21,110.4,9.28,10,1,4.4,4.4,0.0959999999999999,3.36,5,0.097071,132,0.277777777777778,24,2.04,0.0,1.83,14,1.6,4,4,0.48,
98016472,55,78,0,1.928,0.154906931004829,0.461538461538462,18.8524,66.4,0.21,108.6,9.12,6,1,4.4,2.4,0.0896,2.24,5,0.097071,132,0.384615384615385,23,2.04,0.0,1.83,8,1.6,4,4,0.48,
10857693,55,80,0,1.94,0.21943403815018,0.611111111111111,31.67472,66.8,0.21,114.2,9.44,10,1,4.4,4.4,0.088,3.36,5,0.097071,139,0.277777777777778,25,2.04,0.0,1.83,14,1.6,4,4,0.48,
16958274,50,74,0,2.042,0.20609831249986,0.645161290322581,36.6736,63.6,0.35,119.6,10.88,10,1,5.4,4.0,0.0944,2.72,6,0.0,154,0.258064516129032,24,2.16,0.0,1.81,13,2.0,5,5,0.48,
93608745,59,74,0,2.09,0.190716824855805,0.702702702702703,38.89616,67.2,0.47,114.8,6.56,10,2,4.2,5.2,0.152,3.52,5,0.0,142,0.216216216216216,15,2.28,0.0,1.81,13,0.8,3,2,0.96,
12064358,56,74,0,2.058,0.194942090256101,0.685714285714286,38.3088,66.0,0.39,116.4,8.0,10,1,4.6,4.8,0.1136,3.2,5,0.0,146,0.228571428571429,18,2.2,0.0,1.81,13,1.2,4,3,0.48,
95240316,51,74,14,2.122,0.197110518441763,0.305084745762712,73.628,64.0,0.55,122.8,10.4,10,1,5.4,3.6,0.1904,7.04,6,0.0,162,0.169491525423729,23,2.36,0.474576271186441,1.81,20,2.4,5,6,0.48,
85397462,58,74,0,1.93,0.17740691724314,0.648648648648649,24.8250224,66.8,0.23,108.4,7.04,10,2,4.2,4.8,0.088,3.52,5,0.0,126,0.27027027027027,16,2.04,0.0,1.81,13,1.2,3,3,0.96,
34209168,55,74,0,1.91,0.17740691724314,0.628571428571429,23.8368,65.6,0.23,110.8,8.48,10,1,4.6,4.4,0.104,3.2,5,0.0,132,0.285714285714286,19,2.04,0.0,1.81,13,1.6,4,4,0.48,
41253670,61,74,0,1.942,0.179141821333142,0.666666666666667,24.748288,68.0,0.23,107.6,5.6,10,3,3.8,5.2,0.0784,3.84,5,0.0,124,0.256410256410256,13,2.04,0.0,1.81,13,0.8,2,2,1.44,
54789260,53,74,0,1.938,0.199312714776632,0.606060606060606,37.3264,64.8,0.23,116.8,9.44,10,0,5.0,4.0,0.0816,2.88,5,0.0,147,0.303030303030303,21,2.04,0.0,1.81,13,2.0,5,5,0.0,
32508179,50,79,0,2.082,0.200781428195816,0.625,37.14032,64.6,0.15,119.2,11.68,10,2,5.2,4.0,0.0624,3.04,6,0.0,154,0.25,29,2.16,0.0,2.01,14,2.0,5,5,0.64,
92165478,59,79,0,2.13,0.178179966487409,0.684210526315789,39.36288,68.2,0.27,114.4,7.36,10,2,4.0,5.2,0.12,3.68,5,0.0,142,0.210526315789474,20,2.28,0.0,2.01,14,0.8,3,2,0.8,
78351290,56,79,0,2.098,0.184648700679445,0.666666666666667,38.77552,67.0,0.19,116.0,8.8,10,1,4.4,4.8,0.0816,3.36,5,0.057541,146,0.222222222222222,23,2.2,0.0,2.01,14,1.2,4,3,0.48,
85902746,51,79,14,2.162,0.187882263393752,0.3,73.16128,65.0,0.35,122.4,11.2,10,2,5.2,3.6,0.1584,7.2,6,0.0,162,0.166666666666667,28,2.36,0.466666666666667,2.01,20,2.4,5,6,0.64,
68293104,45,73,14,1.658,0.253730382469685,0.0888888888888888,77.898633824,61.4,0.74,127.8,13.12,2,3,6.2,0.8,0.3056,7.2,8,0.0,175,0.222222222222222,28,2.04,0.622222222222222,1.3,18,3.2,5,8,1.44,
23750186,45,84,14,1.772,0.259209876971558,0.245614035087719,70.228224,63.6,0.88,127.4,14.88,10,5,5.8,2.8,0.3776,6.72,8,0.0,175,0.175438596491228,39,2.18,0.491228070175439,1.3,18,3.2,5,8,1.76,
72803641,45,81,14,1.802,0.280519703259021,0.2,85.07952,63.0,1.03,132.8,14.4,10,4,6.0,2.8,0.4016,8.8,8,0.0,175,0.142857142857143,36,2.33,0.6,1.3,28,3.2,5,8,1.6,
91052873,45,83,14,1.774,0.272831172793036,0.0851063829787234,77.25987808,63.4,0.89,125.0,14.72,2,5,5.8,0.8,0.3792,6.88,8,0.0,175,0.212765957446809,38,2.19,0.595744680851064,1.3,18,3.2,5,8,1.76,
72153046,45,88,14,1.852,0.271520914645437,0.0833333333333333,77.08528,64.4,1.28,124.6,15.52,2,6,5.6,0.8,0.4416,6.72,8,0.0,175,0.208333333333333,43,2.58,0.583333333333333,1.3,18,3.2,5,8,1.92,
61927503,45,72,14,1.674,0.262954625331178,0.259259259259259,69.91328,60.8,0.74,132.4,12.64,10,8,5.2,2.8,0.2992,6.24,8,0.0,175,0.185185185185185,27,2.04,0.518518518518518,1.3,18,3.2,5,8,2.24,
45068793,45,74,14,1.698,0.252497249948616,0.254545454545455,71.06,61.6,0.74,128.0,13.28,10,3,6.2,2.8,0.3184,6.4,8,0.0,175,0.181818181818182,29,2.04,0.509090909090909,1.3,18,3.2,5,8,1.44,
86192507,45,79,14,1.738,0.259993958960147,0.25,70.59328,62.6,0.74,127.6,14.08,10,4,6.0,2.8,0.3504,6.56,8,0.0,175,0.178571428571428,34,2.04,0.5,1.3,18,3.2,5,8,1.6,
48270965,45,75,14,1.692,0.261365561965106,0.254545454545455,70.2984,61.8,0.74,132.0,13.44,10,3,6.2,2.8,0.3136,6.4,8,0.0,175,0.181818181818182,30,2.04,0.509090909090909,1.3,18,3.2,5,8,1.44,
85709634,45,78,14,1.716,0.263570544455797,0.0869565217391304,77.722,62.4,0.74,125.8,13.92,2,4,6.0,0.8,0.3328,7.04,8,0.0,175,0.217391304347826,33,2.04,0.608695652173913,1.3,18,3.2,5,8,1.6,
17596823,45,80,14,1.728,0.261365561965106,0.25,70.92112,62.8,0.74,131.4,14.24,10,4,6.0,2.8,0.3424,6.56,8,0.0,175,0.178571428571428,35,2.04,0.5,1.3,18,3.2,5,8,1.6,
20694735,45,76,14,1.66,0.278121511168405,0.202898550724638,84.628848,62.0,0.74,132.6,13.6,10,3,6.2,2.8,0.304,8.64,8,0.0,175,0.144927536231884,31,2.04,0.608695652173913,1.3,27,3.2,5,8,1.44,
67381945,45,72,14,1.666,0.253441304432607,0.259259259259259,71.75488,60.6,0.74,128.0,12.48,10,8,5.2,2.8,0.2992,6.24,8,0.0,175,0.185185185185185,27,2.04,0.518518518518518,1.3,18,3.2,5,8,2.24,
31286905,50,75,0,2.036,0.23160277792655,0.645161290322581,43.8888,63.8,0.38,123.6,11.04,10,1,5.4,4.0,0.1024,2.72,6,0.0,154,0.258064516129032,25,2.16,0.0,1.78,13,2.0,5,5,0.48,
67239801,59,75,0,2.084,0.224103641018935,0.702702702702703,46.11136,67.4,0.5,118.8,6.72,10,2,4.2,5.2,0.1568,3.52,5,0.0,142,0.216216216216216,16,2.28,0.0,1.78,13,0.8,3,2,0.96,
49670328,56,75,0,2.052,0.225986928334126,0.685714285714286,45.524,66.2,0.42,120.4,8.16,10,1,4.6,4.8,0.1184,3.2,5,0.0,146,0.228571428571429,19,2.2,0.0,1.78,13,1.2,4,3,0.48,
82139740,51,75,14,2.116,0.227010205999232,0.305084745762712,72.0104,64.2,0.58,126.8,10.56,10,1,5.4,3.6,0.1952,7.04,6,0.0,162,0.169491525423729,24,2.36,0.474576271186441,1.78,20,2.4,5,6,0.48,
12304586,58,75,0,1.924,0.21943403815018,0.648648648648649,32.0402224,67.0,0.26,112.4,7.2,10,2,4.2,4.8,0.0928,3.52,5,0.0,142,0.27027027027027,17,2.04,0.0,1.78,13,1.2,3,3,0.96,
61932785,55,75,0,1.904,0.21943403815018,0.628571428571429,31.052,65.8,0.26,114.8,8.64,10,1,4.6,4.4,0.1088,3.2,5,0.0,142,0.285714285714286,20,2.04,0.0,1.78,13,1.6,4,4,0.48,
38549061,61,75,0,1.936,0.21990216824065,0.666666666666667,31.963488,68.2,0.26,111.6,5.76,10,3,3.8,5.2,0.0832,3.84,5,0.0,142,0.256410256410256,14,2.04,0.0,1.78,13,0.8,2,2,1.44,
62897034,53,75,0,1.932,0.228085323342676,0.606060606060606,44.5416,65.0,0.26,120.8,9.6,10,0,5.0,4.0,0.0864,2.88,5,0.0,147,0.303030303030303,22,2.04,0.0,1.78,13,2.0,5,5,0.0,
76402381,52,73,0,1.758,0.200159611154652,0.434782608695652,18.593695424,64.2,0.49,113.4,9.76,5,0,5.0,2.0,0.2256,1.92,5,0.0,139,0.434782608695652,21,2.04,0.0,1.55,7,2.0,5,5,0.0,
26408915,52,84,0,1.872,0.178187175712809,0.571428571428571,24.3783504,66.4,0.63,113.0,11.52,10,2,4.6,4.0,0.2576,3.2,5,0.0,139,0.285714285714286,32,2.18,0.0,1.55,15,2.0,5,5,0.64,
93270846,52,81,14,1.902,0.262937277792971,0.416666666666667,55.7841528,65.8,0.78,118.4,11.04,10,1,4.8,4.0,0.2816,7.36,5,0.0,146,0.208333333333333,29,2.33,0.291666666666667,1.55,28,2.0,5,5,0.32,
67851930,52,83,0,1.874,0.18391049142992,0.4,17.95493968,66.2,0.64,110.6,11.36,5,2,4.6,2.0,0.2592,1.6,5,0.0,139,0.4,31,2.19,0.0,1.55,7,2.0,5,5,0.64,
79648230,52,88,0,1.952,0.183016696114988,0.384615384615385,17.7803416,67.2,1.03,110.2,12.16,5,3,4.4,2.0,0.3216,1.76,5,0.0048639999999999,139,0.384615384615385,36,2.58,0.0,1.55,7,2.0,5,5,0.96,
20519736,52,72,0,1.774,0.2279288267092,0.625,30.3766544,63.6,0.49,118.0,9.28,10,5,4.0,4.0,0.2128,2.72,5,0.0,144,0.3125,20,2.04,0.0,1.55,12,2.0,5,5,1.6,
16943087,52,74,0,1.798,0.190716824855805,0.606060606060606,23.5465744,64.4,0.49,113.6,9.92,10,0,5.0,4.0,0.1984,2.88,5,0.0,139,0.303030303030303,22,2.04,0.0,1.55,13,2.0,5,5,0.0,
12458390,52,79,0,1.838,0.178179966487409,0.588235294117647,24.0132944,65.4,0.49,113.2,10.72,10,1,4.8,4.0,0.2304,3.04,5,0.0,139,0.294117647058823,27,2.04,0.0,1.55,14,2.0,5,5,0.32,
84036972,52,75,0,1.792,0.224103641018935,0.606060606060606,30.7617744,64.6,0.49,117.6,10.08,10,0,5.0,4.0,0.1984,2.88,5,0.0,142,0.303030303030303,23,2.04,0.0,1.55,13,2.0,5,5,0.0,
95267031,52,78,0,1.816,0.178885438199983,0.416666666666667,18.4170616,65.2,0.49,111.4,10.56,5,1,4.8,2.0,0.2128,1.76,5,0.0,139,0.416666666666667,26,2.04,0.0,1.55,7,2.0,5,5,0.32,
71204863,52,80,0,1.828,0.224103641018935,0.588235294117647,31.3844944,65.6,0.49,117.0,10.88,10,1,4.8,4.0,0.2224,3.04,5,0.0,139,0.294117647058823,28,2.04,0.0,1.55,14,2.0,5,5,0.32,
85320746,52,76,14,1.76,0.258645214868096,0.425531914893617,54.8828088,64.8,0.49,118.2,10.24,10,0,5.0,4.0,0.224,7.04,5,0.0,145,0.212765957446809,24,2.04,0.297872340425532,1.55,27,2.0,5,5,0.0,
38702645,52,72,0,1.766,0.198687728150178,0.625,22.8516944,63.4,0.49,113.6,9.12,10,5,4.0,4.0,0.2192,2.72,5,0.0,139,0.3125,20,2.04,0.0,1.55,12,2.0,5,5,1.6,
34982675,47,73,0,1.778,0.220794403122398,0.421052631578947,36.818496224,62.2,0.44,123.4,12.16,4,2,5.8,1.6,0.2096,0.96,7,0.0,164,0.421052631578947,26,2.04,0.0,1.6,5,2.4,5,6,0.96,
35280617,47,84,0,1.892,0.213150440681858,0.580645161290323,36.5282176,64.4,0.58,123.0,13.92,10,4,5.4,3.6,0.2336,3.52,7,0.0,164,0.258064516129032,37,2.18,0.0,1.6,15,2.4,5,6,1.28,
95308671,47,81,14,1.922,0.266897594919487,0.409090909090909,57.6927616,63.8,0.73,128.4,13.44,10,3,5.6,3.6,0.2576,7.68,7,0.0,164,0.181818181818182,34,2.33,0.318181818181818,1.6,28,2.4,5,6,1.12,
82609473,47,83,0,1.894,0.223249411608884,0.380952380952381,36.17974048,64.2,0.59,120.6,13.76,4,4,5.4,1.6,0.2352,0.96,7,0.0,164,0.380952380952381,36,2.19,0.0,1.6,5,2.4,5,6,1.28,
58319420,47,88,0,1.972,0.22212213093825,0.363636363636364,36.0051424,65.2,0.98,120.2,14.56,4,5,5.2,1.6,0.2976,1.12,7,0.0,164,0.363636363636364,41,2.58,0.0,1.6,6,2.4,5,6,1.44,
70264158,47,72,0,1.794,0.23969492120604,0.642857142857143,42.5265216,61.6,0.44,128.0,11.68,10,7,4.8,3.6,0.1968,2.56,7,0.0,164,0.285714285714286,25,2.04,0.0,1.6,12,2.4,5,6,1.92,
16094873,47,74,0,1.818,0.215484846803291,0.620689655172414,35.6964416,62.4,0.44,123.6,12.32,10,2,5.8,3.6,0.1776,2.88,7,0.0,164,0.275862068965517,27,2.04,0.0,1.6,13,2.4,5,6,0.96,
27159836,47,79,0,1.858,0.213576950562855,0.6,36.1631616,63.4,0.44,123.2,13.12,10,3,5.6,3.6,0.2064,3.2,7,0.0,164,0.266666666666667,32,2.04,0.0,1.6,14,2.4,5,6,1.12,
47812905,47,75,0,1.812,0.236906211638506,0.620689655172414,42.9116416,62.6,0.44,127.6,12.48,10,2,5.8,3.6,0.1824,2.88,7,0.0,164,0.275862068965517,28,2.04,0.0,1.6,13,2.4,5,6,0.96,
52948361,47,78,0,1.836,0.215864849236958,0.4,36.6418624,63.2,0.44,121.4,12.96,4,3,5.6,1.6,0.1888,0.8,7,0.0,164,0.4,31,2.04,0.0,1.6,5,2.4,5,6,1.12,
40568932,47,80,0,1.848,0.236906211638506,0.6,43.5343616,63.6,0.44,127.0,13.28,10,3,5.6,3.6,0.1984,3.2,7,0.0,164,0.266666666666667,33,2.04,0.0,1.6,14,2.4,5,6,1.12,
43208516,47,76,14,1.78,0.26343055108671,0.418604651162791,57.2420896,62.8,0.44,128.2,12.64,10,2,5.8,3.6,0.208,7.36,7,0.0,164,0.186046511627907,29,2.04,0.325581395348837,1.6,27,2.4,5,6,0.96,
97428650,47,72,0,1.786,0.219909966516167,0.642857142857143,35.0015616,61.4,0.44,123.6,11.52,10,7,4.8,3.6,0.2032,2.56,7,0.0,164,0.285714285714286,25,2.04,0.0,1.6,12,2.4,5,6,1.92,
20819547,61,84,0,2.016,0.159233637725358,0.634146341463415,25.580064,70.0,0.27,107.0,7.2,10,3,3.4,5.2,0.0848,4.16,5,0.0,124,0.24390243902439,23,2.18,0.0,1.91,15,0.8,2,2,1.28,
74920653,61,81,14,2.046,0.263570544455797,0.481481481481481,55.183296,69.4,0.42,112.4,6.72,10,3,3.6,5.2,0.1136,6.88,5,0.068933,146,0.185185185185185,20,2.33,0.259259259259259,1.91,28,0.8,2,2,1.28,
72015384,61,83,0,2.018,0.161428299141188,0.516129032258065,19.75751008,69.8,0.28,104.6,7.04,8,3,3.4,3.2,0.0864,3.04,5,0.0,124,0.32258064516129,22,2.19,0.0,1.91,10,0.8,2,2,1.28,
46752830,61,88,0,2.096,0.160727595430146,0.5,19.582912,70.8,0.67,104.2,7.84,8,3,3.2,3.2,0.1936,2.88,5,0.050912,124,0.3125,27,2.58,0.0,1.91,10,0.8,2,2,1.44,
50648317,61,79,0,1.982,0.158885978904878,0.65,25.215008,69.0,0.13,107.2,6.4,10,3,3.6,5.2,0.0576,4.0,5,0.060882,124,0.25,18,2.04,0.0,1.91,14,0.8,2,2,1.28,
59806341,61,80,0,1.972,0.21990216824065,0.65,32.586208,69.2,0.13,111.0,6.56,10,3,3.6,5.2,0.0544,4.0,5,0.066314,139,0.25,19,2.04,0.0,1.91,14,0.8,2,2,1.28,
47098521,11,73,0,1.682,0.262924903061244,0.133333333333333,13.802271584,47.8,0.68,125.8,29.44,1,4,6.6,0.4,0.2864,0.0,9,0.0,170,0.666666666666667,62,2.04,0.0,1.36,3,3.6,5,9,1.92,
96302148,11,84,0,1.796,0.271013549918708,0.444444444444444,21.18406784,50.0,0.82,125.4,31.2,10,6,6.2,2.4,0.3488,3.84,9,0.0,170,0.37037037037037,73,2.18,0.0,1.36,15,3.6,5,9,2.24,
39062841,11,81,14,1.826,0.285329741988027,0.3,57.38129408,49.4,0.97,130.8,30.72,10,5,6.4,2.4,0.3728,8.0,9,0.005228,170,0.25,70,2.33,0.35,1.36,28,3.6,5,9,2.08,
93481752,11,83,0,1.798,0.285289029116658,0.117647058823529,14.15241376,49.8,0.83,123.0,31.04,1,6,6.2,0.4,0.3504,0.64,9,0.0,170,0.588235294117647,72,2.19,0.0,1.36,5,3.6,5,9,2.24,
18952376,11,88,0,1.876,0.283945535334322,0.111111111111111,14.32701184,50.8,1.22,122.6,31.84,1,7,6.0,0.4,0.4128,0.96,9,0.0,170,0.555555555555556,77,2.58,0.0,1.36,6,3.6,5,9,2.4,
61487350,11,72,0,1.698,0.270037699039819,0.5,27.18237184,47.2,0.68,130.4,28.96,10,9,5.6,2.4,0.2736,2.88,9,0.0,170,0.416666666666667,61,2.04,0.0,1.36,12,3.6,5,9,2.72,
40236598,11,74,0,1.722,0.26253183938881,0.48,20.35229184,48.0,0.68,126.0,29.6,10,4,6.6,2.4,0.2896,3.2,9,0.0,170,0.4,63,2.04,0.0,1.36,13,3.6,5,9,1.92,
51398260,11,79,0,1.762,0.271865037327236,0.461538461538462,20.81901184,49.0,0.68,125.6,30.4,10,5,6.4,2.4,0.3216,3.52,9,0.0132789999999999,170,0.384615384615385,68,2.04,0.0,1.36,14,3.6,5,9,2.08,
12507849,11,75,0,1.716,0.268719638579442,0.48,27.81905408,48.2,0.68,130.0,29.76,10,4,6.6,2.4,0.2848,3.2,9,0.0,170,0.4,64,2.04,0.0,1.36,13,3.6,5,9,1.92,
87196024,11,78,0,1.74,0.275682924715776,0.125,13.69029184,48.8,0.68,123.8,30.24,1,5,6.4,0.4,0.304,0.32,9,0.01669,170,0.625,67,2.04,0.0,1.36,4,3.6,5,9,2.08,
41267093,11,80,0,1.752,0.268719638579442,0.461538461538462,29.06449408,49.2,0.68,129.4,30.56,10,5,6.4,2.4,0.3136,3.52,9,0.0078469999999999,170,0.384615384615385,69,2.04,0.0,1.36,14,3.6,5,9,2.08,
32156478,11,76,14,1.684,0.283191991556316,0.307692307692308,56.47995008,48.4,0.68,130.6,29.92,10,4,6.6,2.4,0.2848,7.68,9,0.0,170,0.256410256410256,65,2.04,0.358974358974359,1.36,27,3.6,5,9,1.92,
59230168,11,72,0,1.69,0.262760287619724,0.5,19.65741184,47.0,0.68,126.0,28.8,10,9,5.6,2.4,0.28,2.88,9,0.0,170,0.416666666666667,61,2.04,0.0,1.36,12,3.6,5,9,2.72,
20456318,50,78,0,2.06,0.202578196402434,0.454545454545454,38.1076,64.4,0.26,117.4,11.52,5,2,5.2,2.0,0.08,1.28,6,0.0,154,0.363636363636364,28,2.16,0.0,1.9,6,2.0,5,5,0.64,
58346072,59,78,0,2.108,0.178885438199983,0.571428571428572,41.44144,68.0,0.38,112.6,7.2,8,2,4.0,3.2,0.1376,2.72,5,0.0,142,0.285714285714286,19,2.28,0.0,1.9,9,0.8,3,2,0.8,
63175049,56,78,0,2.076,0.185701388442046,0.538461538461538,40.5604,66.8,0.3,114.2,8.64,7,1,4.4,2.8,0.0992000000000001,2.24,5,0.0570819999999999,146,0.307692307692308,22,2.2,0.0,1.9,8,1.2,4,3,0.48,
94130527,51,78,14,2.14,0.189097130479147,0.16,80.29,64.8,0.46,120.6,11.04,4,2,5.2,1.6,0.176,8.0,6,0.0,162,0.2,27,2.36,0.56,1.9,20,2.4,5,6,0.64,
81437256,61,78,0,1.96,0.158331148245701,0.533333333333333,20.219632,68.8,0.14,105.4,6.24,8,3,3.6,3.2,0.0640000000000001,3.2,5,0.0574709999999999,124,0.333333333333333,17,2.04,0.0,1.9,10,0.8,2,2,1.28,
12374650,53,78,0,1.956,0.192483463542617,0.416666666666667,39.0868,65.6,0.14,114.6,10.08,5,1,4.8,2.0,0.0672,1.76,5,0.0,147,0.416666666666667,25,2.04,0.0,1.9,7,2.0,5,5,0.32,
83764925,50,80,0,2.072,0.23160277792655,0.625,44.51152,64.8,0.2,123.0,11.84,10,2,5.2,4.0,0.0704,3.04,6,0.0,154,0.25,30,2.16,0.0,1.96,14,2.0,5,5,0.64,
10378294,59,80,0,2.12,0.224103641018935,0.684210526315789,46.73408,68.4,0.32,118.2,7.52,10,2,4.0,5.2,0.128,3.68,5,0.0,142,0.210526315789474,21,2.28,0.0,1.96,14,0.8,3,2,0.8,
40596718,56,80,0,2.088,0.225986928334126,0.666666666666667,46.14672,67.2,0.24,119.8,8.96,10,1,4.4,4.8,0.0896,3.36,5,0.057541,146,0.222222222222222,24,2.2,0.0,1.96,14,1.2,4,3,0.48,
31879054,51,80,14,2.152,0.227010205999232,0.3,72.63312,65.2,0.4,126.2,11.36,10,2,5.2,3.6,0.1664,7.2,6,0.0,162,0.166666666666667,29,2.36,0.466666666666667,1.96,20,2.4,5,6,0.64,
13658924,48,73,14,1.738,0.224959401996074,0.127659574468085,79.078416224,62.6,0.54,125.8,11.68,3,2,5.8,1.2,0.2416,7.68,7,0.0,170,0.212765957446809,25,2.04,0.595744680851064,1.5,19,2.8,5,7,0.96,
89231046,48,84,14,1.852,0.21943403815018,0.271186440677966,71.4080064,64.8,0.68,125.4,13.44,10,4,5.4,3.2,0.2816,7.04,7,0.0,170,0.169491525423729,36,2.18,0.474576271186441,1.5,19,2.8,5,7,1.28,
15780629,48,81,14,1.882,0.268231694971903,0.222222222222222,85.8660416,64.2,0.83,130.8,12.96,10,3,5.6,3.2,0.3056,9.12,7,0.0,170,0.138888888888889,33,2.33,0.583333333333333,1.5,28,2.8,5,7,1.12,
60573841,48,83,14,1.854,0.230129272900225,0.122448979591837,78.43966048,64.6,0.69,123.0,13.28,3,4,5.4,1.2,0.2832,7.36,7,0.0,170,0.204081632653061,35,2.19,0.571428571428571,1.5,19,2.8,5,7,1.28,
79631548,48,88,14,1.932,0.228970658178648,0.12,78.2650624,65.6,1.08,122.6,14.08,3,5,5.2,1.2,0.3456,7.2,7,0.0,170,0.2,40,2.58,0.56,1.5,19,2.8,5,7,1.44,
18967543,48,72,14,1.754,0.242402175575985,0.285714285714286,70.6998016,62.0,0.54,130.4,11.2,10,7,4.8,3.2,0.2288,6.56,7,0.0,170,0.178571428571428,24,2.04,0.5,1.5,19,2.8,5,7,1.92,
38960417,48,74,14,1.778,0.220290212623661,0.280701754385965,72.2397824,62.8,0.54,126.0,11.84,10,2,5.8,3.2,0.2224,6.72,7,0.0,170,0.175438596491228,26,2.04,0.491228070175439,1.5,19,2.8,5,7,0.96,
94528706,48,79,14,1.818,0.219920534778184,0.275862068965517,71.7730624,63.8,0.54,125.6,12.64,10,3,5.6,3.2,0.2544,6.88,7,0.0,170,0.172413793103448,31,2.04,0.482758620689655,1.5,19,2.8,5,7,1.12,
41085739,48,75,14,1.772,0.239789643170869,0.280701754385965,71.0849216,63.0,0.54,130.0,12.0,10,2,5.8,3.2,0.2176,6.72,7,0.0,170,0.175438596491228,27,2.04,0.491228070175439,1.5,19,2.8,5,7,0.96,
74920568,48,78,14,1.796,0.222425579695966,0.125,78.9017824,63.6,0.54,123.8,12.48,3,3,5.6,1.2,0.2368,7.52,7,0.0,170,0.208333333333333,30,2.04,0.583333333333333,1.5,19,2.8,5,7,1.12,
69578014,48,80,14,1.808,0.239789643170869,0.275862068965517,71.7076416,64.0,0.54,129.4,12.8,10,3,5.6,3.2,0.2464,6.88,7,0.0,170,0.172413793103448,32,2.04,0.482758620689655,1.5,19,2.8,5,7,1.12,
56489170,48,76,14,1.74,0.264913467479685,0.225352112676056,85.4153696,63.2,0.54,130.6,12.16,10,2,5.8,3.2,0.24,8.96,7,0.0,170,0.140845070422535,28,2.04,0.591549295774648,1.5,27,2.8,5,7,0.96,
13480652,48,72,14,1.746,0.224167492537235,0.285714285714286,72.9346624,61.8,0.54,126.0,11.04,10,7,4.8,3.2,0.2352,6.56,7,0.0,170,0.178571428571428,24,2.04,0.5,1.5,19,2.8,5,7,1.92,
93507642,53,84,0,2.012,0.1909393200764,0.571428571428571,38.158176,66.8,0.28,116.2,11.04,10,2,4.6,4.0,0.0896,3.2,5,0.0,147,0.285714285714286,31,2.18,0.0,1.9,15,2.0,5,5,0.64,
32875906,53,81,14,2.042,0.263665594855305,0.416666666666667,59.32272,66.2,0.43,121.6,10.56,10,1,4.8,4.0,0.1152,7.36,5,0.0,147,0.208333333333333,28,2.33,0.291666666666667,1.9,28,2.0,5,5,0.32,
75684932,53,83,0,2.014,0.198506822748453,0.4,38.62467808,66.6,0.29,113.8,10.88,5,2,4.6,2.0,0.0911999999999999,1.6,5,0.0,147,0.4,30,2.19,0.0,1.9,7,2.0,5,5,0.64,
62941037,53,88,0,2.092,0.197513870931583,0.384615384615385,38.45008,67.6,0.68,113.4,11.68,5,3,4.4,2.0,0.1952,1.76,5,0.0085859999999999,147,0.384615384615385,35,2.58,0.0,1.9,7,2.0,5,5,0.96,
23705914,53,79,0,1.978,0.191113474478257,0.588235294117647,37.79312,65.8,0.14,116.4,10.24,10,1,4.8,4.0,0.0623999999999999,3.04,5,0.0,147,0.294117647058823,26,2.04,0.0,1.9,14,2.0,5,5,0.32,
15860437,53,80,0,1.968,0.228085323342676,0.588235294117647,45.16432,66.0,0.14,120.2,10.4,10,1,4.8,4.0,0.0576,3.04,5,0.0,147,0.294117647058823,27,2.04,0.0,1.9,14,2.0,5,5,0.32,
30694825,43,73,0,1.754,0.218749796067152,0.235294117647059,15.199593824,60.6,0.5,121.8,14.08,2,3,6.2,0.8,0.2288,0.48,8,0.0,160,0.588235294117647,30,2.04,0.0,1.54,4,3.2,5,8,1.44,
10392748,43,84,0,1.868,0.209995949191285,0.482758620689655,22.115616,62.8,0.64,121.4,15.84,10,5,5.8,2.8,0.2624,3.68,8,0.0,160,0.344827586206897,41,2.18,0.0,1.54,15,3.2,5,8,1.76,
43860715,43,81,14,1.898,0.266295389153379,0.333333333333333,56.91552,62.2,0.79,126.8,15.36,10,4,6.0,2.8,0.2864,7.84,8,0.0,160,0.238095238095238,38,2.33,0.333333333333333,1.54,28,3.2,5,8,1.6,
59481307,43,83,0,1.87,0.219777902585687,0.210526315789474,15.08396192,62.6,0.65,119.0,15.68,2,5,5.8,0.8,0.264,0.64,8,0.0,160,0.526315789473684,40,2.19,0.0,1.54,5,3.2,5,8,1.76,
43790281,43,88,0,1.948,0.218667330678684,0.2,15.25856,63.6,1.04,118.6,16.48,2,6,5.6,0.8,0.3264,0.8,8,0.0,160,0.5,45,2.58,0.0,1.54,6,3.2,5,8,1.92,
76415208,43,72,0,1.77,0.238398392326702,0.538461538461538,28.11392,60.0,0.5,126.4,13.6,10,8,5.2,2.8,0.216,2.72,8,0.0,160,0.384615384615385,29,2.04,0.0,1.54,12,3.2,5,8,2.24,
97408251,43,74,0,1.794,0.213107641729921,0.518518518518518,21.28384,60.8,0.5,122.0,14.24,10,3,6.2,2.8,0.2032,3.04,8,0.0,160,0.37037037037037,31,2.04,0.0,1.54,13,3.2,5,8,1.44,
19743065,43,79,0,1.834,0.210390650027185,0.5,21.75056,61.8,0.5,121.6,15.04,10,4,6.0,2.8,0.2352,3.36,8,0.0,160,0.357142857142857,36,2.04,0.0,1.54,14,3.2,5,8,1.6,
82354971,43,75,0,1.788,0.235519909704064,0.518518518518518,28.49904,61.0,0.5,126.0,14.4,10,3,6.2,2.8,0.2016,3.04,8,0.0,160,0.37037037037037,32,2.04,0.0,1.54,13,3.2,5,8,1.44,
21064358,43,78,0,1.812,0.212563245345417,0.222222222222222,15.02296,61.6,0.5,119.8,14.88,2,4,6.0,0.8,0.2176,0.48,8,0.0,160,0.555555555555556,35,2.04,0.0,1.54,4,3.2,5,8,1.6,
34189275,43,80,0,1.824,0.235519909704064,0.5,29.12176,62.0,0.5,125.4,15.2,10,4,6.0,2.8,0.2272,3.36,8,0.0,160,0.357142857142857,37,2.04,0.0,1.54,14,3.2,5,8,1.6,
71248596,43,76,14,1.756,0.262753528539836,0.341463414634146,56.014176,61.2,0.5,126.6,14.56,10,3,6.2,2.8,0.2272,7.52,8,0.0,160,0.24390243902439,33,2.04,0.341463414634146,1.54,27,3.2,5,8,1.44,
92057831,43,72,0,1.762,0.217817456702727,0.538461538461538,20.58896,59.8,0.5,122.0,13.44,10,8,5.2,2.8,0.2224,2.72,8,0.0,160,0.384615384615385,29,2.04,0.0,1.54,12,3.2,5,8,2.24,
56920873,50,76,14,2.004,0.260995184744858,0.444444444444444,58.219248,64.0,0.54,124.2,11.2,10,1,5.4,4.0,0.1536,7.2,6,0.0,154,0.177777777777778,26,2.16,0.311111111111111,1.62,27,2.0,5,5,0.48,
39720486,59,76,14,2.052,0.258645214868096,0.509803921568628,60.441808,67.6,0.66,119.4,6.88,10,2,4.2,5.2,0.1824,6.72,5,0.0,145,0.156862745098039,17,2.28,0.274509803921569,1.62,27,0.8,3,2,0.96,
27845619,56,76,14,2.02,0.25904940591323,0.489795918367347,59.854448,66.4,0.58,121.0,8.32,10,1,4.6,4.8,0.16,6.88,5,0.0,146,0.163265306122449,20,2.2,0.285714285714286,1.62,27,1.2,4,3,0.48,
23074169,51,76,14,2.084,0.259334182314429,0.246575342465753,86.340848,64.4,0.74,127.4,10.72,10,1,5.4,3.6,0.2208,9.28,6,0.0,162,0.136986301369863,25,2.36,0.575342465753425,1.62,27,2.4,5,6,0.48,
97183264,58,76,14,1.892,0.259094811964668,0.470588235294118,54.2435848,67.2,0.42,113.0,7.36,10,2,4.2,4.8,0.1184,6.72,5,0.0,145,0.196078431372549,18,2.04,0.274509803921569,1.62,27,1.2,3,3,0.96,
42368795,49,76,14,1.804,0.258469753691621,0.444444444444444,55.35352,63.6,0.42,118.2,11.68,10,1,5.4,4.0,0.1888,7.2,6,0.0,145,0.177777777777778,27,2.04,0.311111111111111,1.62,27,2.0,5,5,0.48,
42936180,55,76,14,1.872,0.259094811964668,0.448979591836735,54.737696,66.0,0.42,115.4,8.8,10,1,4.6,4.4,0.1344,6.88,5,0.0,145,0.204081632653061,21,2.04,0.285714285714286,1.62,27,1.6,4,4,0.48,
37068241,61,76,14,1.904,0.258843582110896,0.490566037735849,54.281952,68.4,0.42,112.2,5.92,10,3,3.8,5.2,0.1136,6.56,5,0.0,145,0.188679245283019,15,2.04,0.264150943396226,1.62,27,0.8,2,2,1.44,
50619347,53,76,14,1.9,0.259672410290298,0.425531914893617,58.872048,65.2,0.42,121.4,9.76,10,0,5.0,4.0,0.112,7.04,5,0.0,147,0.212765957446809,23,2.04,0.297872340425532,1.62,27,2.0,5,5,0.0,
65349018,46,76,14,1.792,0.25904940591323,0.372093023255814,55.522256,62.4,0.42,123.8,13.12,10,2,5.8,3.2,0.1984,7.36,7,0.0,153,0.232558139534884,30,2.04,0.325581395348837,1.62,27,2.8,5,7,0.96,
94185602,46,84,0,1.904,0.184561293402918,0.516129032258065,23.099456,64.0,0.55,118.6,14.4,10,4,5.4,3.2,0.2192,3.52,7,0.0,153,0.32258064516129,38,2.18,0.0,1.63,15,2.8,5,7,1.28,
31254760,46,81,14,1.934,0.263192564548187,0.363636363636364,56.4236,63.4,0.7,124.0,13.92,10,3,5.6,3.2,0.2432,7.68,7,0.0,153,0.227272727272727,35,2.33,0.318181818181818,1.63,28,2.8,5,7,1.12,
65790324,46,83,0,1.906,0.191249486918778,0.285714285714286,16.06780192,63.8,0.56,116.2,14.24,3,4,5.4,1.2,0.2208,0.96,7,0.0,153,0.476190476190476,37,2.19,0.0,1.63,5,2.8,5,7,1.28,
37049621,46,88,0,1.984,0.190303673560118,0.272727272727273,16.2424,64.8,0.95,115.8,15.04,3,5,5.2,1.2,0.2832,1.12,7,0.0,153,0.454545454545454,42,2.58,0.0,1.63,6,2.8,5,7,1.44,
56140738,46,72,0,1.806,0.229617304492512,0.571428571428572,29.09776,61.2,0.41,123.6,12.16,10,7,4.8,3.2,0.1872,2.56,7,0.0,153,0.357142857142857,26,2.04,0.0,1.63,12,2.8,5,7,1.92,
50836291,46,74,0,1.83,0.194942090256101,0.551724137931034,22.26768,62.0,0.41,119.2,12.8,10,2,5.8,3.2,0.168,2.88,7,0.0,153,0.344827586206897,28,2.04,0.0,1.63,13,2.8,5,7,0.96,
79324150,46,79,0,1.87,0.184648700679445,0.533333333333333,22.7344,63.0,0.41,118.8,13.6,10,3,5.6,3.2,0.192,3.2,7,0.0,153,0.333333333333333,33,2.04,0.0,1.63,14,2.8,5,7,1.12,
20419573,46,75,0,1.824,0.225986928334126,0.551724137931034,29.48288,62.2,0.41,123.2,12.96,10,2,5.8,3.2,0.1728,2.88,7,0.0,153,0.344827586206897,29,2.04,0.0,1.63,13,2.8,5,7,0.96,
62157849,46,78,0,1.848,0.185701388442046,0.3,16.49872,62.8,0.41,117.0,13.44,3,3,5.6,1.2,0.1744,0.8,7,0.0,153,0.5,32,2.04,0.0,1.63,5,2.8,5,7,1.12,
43065218,46,80,0,1.86,0.225986928334126,0.533333333333333,30.1056,63.2,0.41,122.6,13.76,10,3,5.6,3.2,0.184,3.2,7,0.0,153,0.333333333333333,34,2.04,0.0,1.63,14,2.8,5,7,1.12,
61792438,46,72,0,1.798,0.202199855056514,0.571428571428572,21.5728,61.0,0.41,119.2,12.0,10,7,4.8,3.2,0.1936,2.56,7,0.0,153,0.357142857142857,26,2.04,0.0,1.63,12,2.8,5,7,1.92,
75149062,12,73,0,1.626,0.302273053096464,0.133333333333333,34.898241824,48.2,0.82,133.8,28.96,1,4,6.6,0.4,0.3312,0.0,9,0.0,190,0.666666666666667,61,2.04,0.0,1.22,3,3.6,5,9,1.92,
52634817,12,84,0,1.74,0.318672975713327,0.444444444444444,35.248048,50.4,0.96,133.4,30.72,10,6,6.2,2.4,0.416,3.84,9,0.0,190,0.37037037037037,72,2.18,0.0,1.22,15,3.6,5,9,2.24,
64021875,12,81,14,1.77,0.309338157101142,0.3,56.412592,49.8,1.11,138.8,30.24,10,5,6.4,2.4,0.44,8.0,9,0.005228,190,0.25,69,2.33,0.35,1.22,28,3.6,5,9,2.08,
43780952,12,83,0,1.742,0.3349241144117,0.117647058823529,34.25948608,50.2,0.97,131.0,30.56,1,6,6.2,0.4,0.4176,0.64,9,0.0,190,0.588235294117647,71,2.19,0.0,1.22,5,3.6,5,9,2.24,
84135296,12,88,0,1.82,0.333483220730307,0.111111111111111,34.084888,51.2,1.36,130.6,31.36,1,7,6.0,0.4,0.48,0.96,9,0.0,190,0.555555555555556,76,2.58,0.0,1.22,6,3.6,5,9,2.4,
32450971,12,72,0,1.642,0.302228149649038,0.5,41.246352,47.6,0.82,138.4,28.48,10,9,5.6,2.4,0.3376,2.88,9,0.0,190,0.416666666666667,60,2.04,0.0,1.22,12,3.6,5,9,2.72,
58642793,12,74,0,1.666,0.304617729274255,0.48,34.416272,48.4,0.82,134.0,29.12,10,4,6.6,2.4,0.3568,3.2,9,0.0,190,0.4,62,2.04,0.0,1.22,13,3.6,5,9,1.92,
43206985,12,79,0,1.706,0.319731337741697,0.461538461538462,34.882992,49.4,0.82,133.6,29.92,10,5,6.4,2.4,0.3888,3.52,9,0.0132789999999999,190,0.384615384615385,67,2.04,0.0,1.22,14,3.6,5,9,2.08,
36509124,12,75,0,1.66,0.301851901522851,0.48,41.631472,48.6,0.82,138.0,29.28,10,4,6.6,2.4,0.352,3.2,9,0.0,190,0.4,63,2.04,0.0,1.22,13,3.6,5,9,1.92,
81294637,12,78,0,1.684,0.32428517299299,0.125,34.721608,49.2,0.82,131.8,29.76,1,5,6.4,0.4,0.3712,0.32,9,0.0141239999999999,190,0.625,66,2.04,0.0,1.22,4,3.6,5,9,2.08,
98526013,12,80,0,1.696,0.301851901522851,0.461538461538462,42.254192,49.6,0.82,137.4,30.08,10,5,6.4,2.4,0.3808,3.52,9,0.0078469999999999,190,0.384615384615385,68,2.04,0.0,1.22,14,3.6,5,9,2.08,
50942871,12,76,14,1.628,0.30816399964714,0.307692307692308,55.96192,48.8,0.82,138.6,29.44,10,4,6.6,2.4,0.3296,7.68,9,0.0,190,0.256410256410256,64,2.04,0.358974358974359,1.22,27,3.6,5,9,1.92,
96138204,12,72,0,1.634,0.30251785287486,0.5,33.721392,47.4,0.82,134.0,28.32,10,9,5.6,2.4,0.3312,2.88,9,0.0,190,0.416666666666667,60,2.04,0.0,1.22,12,3.6,5,9,2.72,
83265941,50,72,0,2.01,0.211706612085769,0.666666666666667,35.97872,62.6,0.51,119.6,10.08,10,6,4.4,4.0,0.144,2.4,6,0.0,154,0.266666666666667,22,2.16,0.0,1.65,12,2.0,5,5,1.76,
67905128,59,72,0,2.058,0.198687728150178,0.722222222222222,38.20128,66.2,0.63,114.8,5.76,10,5,3.2,5.2,0.1776,3.36,5,0.068101,142,0.222222222222222,13,2.28,0.0,1.65,12,0.8,3,2,1.44,
56893071,56,72,0,2.026,0.202199855056514,0.705882352941177,37.61392,65.0,0.55,116.4,7.2,10,5,3.6,4.8,0.1504,3.04,5,0.0,146,0.235294117647059,16,2.2,0.0,1.65,12,1.2,4,3,1.44,
83197206,51,72,14,2.09,0.204023067472066,0.310344827586207,74.32288,63.0,0.71,122.8,9.6,10,6,4.4,3.6,0.216,6.88,6,0.0,162,0.172413793103448,21,2.36,0.482758620689655,1.65,20,2.4,5,6,1.76,
81693024,58,72,0,1.898,0.188094099929128,0.666666666666667,24.1301424,65.8,0.39,108.4,6.24,10,5,3.2,4.8,0.1136,3.36,5,0.0182279999999999,126,0.277777777777778,14,2.04,0.0,1.65,12,1.2,3,3,1.44,
70843926,49,72,0,1.81,0.195372290231044,0.666666666666667,21.910272,62.2,0.39,113.6,10.56,10,6,4.4,4.0,0.184,2.4,6,0.0,139,0.266666666666667,23,2.04,0.0,1.65,12,2.0,5,5,1.76,
16375284,55,72,0,1.878,0.188094099929128,0.647058823529412,23.14192,64.6,0.39,110.8,7.68,10,5,3.6,4.4,0.1296,3.04,5,0.072324,132,0.294117647058823,17,2.04,0.0,1.65,12,1.6,4,4,1.44,
70251698,61,72,0,1.91,0.189422220511447,0.684210526315789,24.053408,67.0,0.39,107.6,4.8,10,5,2.8,5.2,0.104,3.68,5,0.0,124,0.263157894736842,11,2.04,0.0,1.65,12,0.8,2,2,1.76,
24501987,53,72,0,1.906,0.205887700005735,0.625,36.63152,63.8,0.39,116.8,8.64,10,5,4.0,4.0,0.1072,2.72,5,0.0,147,0.3125,19,2.04,0.0,1.65,12,2.0,5,5,1.6,
35842190,44,73,0,1.67,0.253730382469685,0.235294117647059,36.010953824,61.0,0.71,127.8,13.6,2,3,6.2,0.8,0.296,0.48,8,0.0,175,0.588235294117647,29,2.04,0.0,1.33,4,3.2,5,8,1.44,
81439706,44,84,0,1.784,0.259209876971558,0.482758620689655,35.989856,63.2,0.85,127.4,15.36,10,5,5.8,2.8,0.3632,3.68,8,0.0,175,0.344827586206897,40,2.18,0.0,1.33,15,3.2,5,8,1.76,
72150386,44,81,14,1.814,0.280519703259021,0.333333333333333,57.1544,62.6,1.0,132.8,14.88,10,4,6.0,2.8,0.3872,7.84,8,0.0,175,0.238095238095238,37,2.33,0.333333333333333,1.33,28,3.2,5,8,1.6,
87932541,44,83,0,1.786,0.272831172793036,0.210526315789474,35.37219808,63.0,0.86,125.0,15.2,2,5,5.8,0.8,0.3648,0.64,8,0.0,175,0.526315789473684,39,2.19,0.0,1.33,5,3.2,5,8,1.76,
80163975,44,88,0,1.864,0.271520914645437,0.2,35.1976,64.0,1.25,124.6,16.0,2,6,5.6,0.8,0.4272,0.8,8,0.0,175,0.5,44,2.58,0.0,1.33,6,3.2,5,8,1.92,
65483790,44,72,0,1.686,0.262954625331178,0.538461538461538,41.98816,60.4,0.71,132.4,13.12,10,8,5.2,2.8,0.2848,2.72,8,0.0,175,0.384615384615385,28,2.04,0.0,1.33,12,3.2,5,8,2.24,
57129046,44,74,0,1.71,0.252497249948616,0.518518518518518,35.15808,61.2,0.71,128.0,13.76,10,3,6.2,2.8,0.304,3.04,8,0.0,175,0.37037037037037,30,2.04,0.0,1.33,13,3.2,5,8,1.44,
64213980,44,79,0,1.75,0.259993958960147,0.5,35.6248,62.2,0.71,127.6,14.56,10,4,6.0,2.8,0.336,3.36,8,0.0,175,0.357142857142857,35,2.04,0.0,1.33,14,3.2,5,8,1.6,
12086359,44,75,0,1.704,0.261365561965106,0.518518518518518,42.37328,61.4,0.71,132.0,13.92,10,3,6.2,2.8,0.2992,3.04,8,0.0,175,0.37037037037037,31,2.04,0.0,1.33,13,3.2,5,8,1.44,
45726190,44,78,0,1.728,0.263570544455797,0.222222222222222,35.83432,62.0,0.71,125.8,14.4,2,4,6.0,0.8,0.3184,0.48,8,0.0,175,0.555555555555556,34,2.04,0.0,1.33,4,3.2,5,8,1.6,
65374182,44,80,0,1.74,0.261365561965106,0.5,42.996,62.4,0.71,131.4,14.72,10,4,6.0,2.8,0.328,3.36,8,0.0,175,0.357142857142857,36,2.04,0.0,1.33,14,3.2,5,8,1.6,
63975401,44,76,14,1.672,0.278121511168405,0.341463414634146,56.703728,61.6,0.71,132.6,14.08,10,3,6.2,2.8,0.2944,7.52,8,0.0,175,0.24390243902439,32,2.04,0.341463414634146,1.33,27,3.2,5,8,1.44,
46879352,44,72,0,1.678,0.253441304432607,0.538461538461538,34.4632,60.2,0.71,128.0,12.96,10,8,5.2,2.8,0.2896,2.72,8,0.0,175,0.384615384615385,28,2.04,0.0,1.33,12,3.2,5,8,2.24,
