id,ElementProperty|MagpieData maximum MendeleevNumber,AtomicOrbitals|HOMO_character,BandCenter|band center,ElementProperty|MagpieData mode NsValence,ElementProperty|MagpieData avg_dev NValence,YangSolidSolution|Yang delta,AtomicOrbitals|gap_AO,ElementProperty|MagpieData mean MendeleevNumber,YangSolidSolution|Yang omega,ElementProperty|MagpieData range NUnfilled,ElementProperty|MagpieData range Electronegativity,ElementProperty|MagpieData mean AtomicWeight,ValenceOrbital|avg d valence electrons,ElementProperty|MagpieData range MendeleevNumber,ValenceOrbital|frac f valence electrons,ElementProperty|MagpieData mean CovalentRadius,ElementProperty|MagpieData maximum Electronegativity,ValenceOrbital|frac s valence electrons,ElementProperty|MagpieData avg_dev Electronegativity,ElementProperty|MagpieData mean NUnfilled,ValenceOrbital|frac p valence electrons,ElementProperty|MagpieData maximum NValence,ElementProperty|MagpieData maximum NUnfilled,ValenceOrbital|frac d valence electrons,ElementProperty|MagpieData mean Electronegativity,ElementProperty|MagpieData minimum Electronegativity,ElementProperty|MagpieData minimum NUnfilled,ElementProperty|MagpieData mean NValence,ElementProperty|MagpieData avg_dev MendeleevNumber,ElementProperty|MagpieData avg_dev NUnfilled,hull_distance
8397402,73,3,-1.99066757562781,1,1.44,0.212789304679212,0.0,63.4,0.857647401287833,1,0.55,48.10470772,2.0,23,0.0,119.4,2.16,0.380952380952381,0.1568,5.4,0.142857142857143,6,6,0.476190476190476,2.002,1.61,5,4.2,10.72,0.48,
9380175,73,1,-2.03418843544091,1,2.88,0.200159611154652,0.0,67.0,0.675408211873564,2,0.67,50.88290772,3.2,14,0.0,114.6,2.28,0.296296296296296,0.184,4.2,0.111111111111111,9,5,0.592592592592593,2.05,1.61,3,5.4,6.4,0.96,
1735482,73,3,-2.00533214037694,1,2.4,0.203555222517664,0.0,65.8,0.861447518501113,1,0.59,50.14870772,2.8,17,0.0,116.2,2.2,0.32,0.1632,4.6,0.12,8,5,0.56,2.018,1.61,4,5.0,7.84,0.48,
3092751,73,3,-2.06244342089425,2,8.16,0.205321731788082,0.0,63.8,1.11512348926255,1,0.75,83.25670772,1.6,22,0.571428571428571,122.6,2.36,0.204081632653061,0.2224,5.4,0.0612244897959183,20,6,0.163265306122449,2.082,1.61,5,9.8,10.24,0.48,
2198367,73,1,-1.88313034577772,2,2.88,0.190002022649909,0.0,66.6,0.749876200656029,2,0.43,33.29398572,2.8,15,0.0,108.2,2.04,0.37037037037037,0.12,4.2,0.111111111111111,9,5,0.518518518518518,1.89,1.61,3,5.4,6.88,0.96,
7126859,73,2,-1.79168013027434,1,1.44,0.196964612064823,0.0,63.0,0.760535662172526,1,0.43,30.51914772,2.0,24,0.0,113.4,2.04,0.380952380952381,0.1904,5.4,0.142857142857143,6,6,0.476190476190476,1.802,1.61,5,4.2,11.2,0.48,
4123795,73,1,-1.86293489685805,2,2.4,0.190002022649909,0.0,65.4,0.804970246528939,1,0.43,32.05870772,2.4,18,0.0,110.6,2.04,0.4,0.136,4.6,0.12,8,5,0.48,1.87,1.61,4,5.0,8.32,0.48,
2453071,73,1,-1.89509326894747,2,3.36,0.191265628968897,0.0,67.8,0.711473930430316,3,0.43,33.19806772,3.2,12,0.0,107.4,2.04,0.344827586206897,0.1168,3.8,0.103448275862069,10,5,0.551724137931034,1.902,1.61,2,5.8,5.44,1.44,
1279568,73,3,-1.89111823607792,2,1.92,0.207130730050934,0.0,64.6,0.821419744826727,0,0.43,48.92070772,2.0,20,0.0,116.6,2.04,0.434782608695652,0.1152,5.0,0.130434782608696,7,5,0.434782608695652,1.898,1.61,5,4.6,9.28,0.0,
1056832,73,3,-1.77865731966268,2,0.96,0.203555222517664,0.0,61.8,0.547914574499593,2,0.43,30.09730772,1.2,27,0.0,119.0,2.04,0.526315789473684,0.2,5.8,0.157894736842105,5,7,0.315789473684211,1.79,1.61,5,3.8,12.64,0.96,
7548206,84,2,-2.16131120243911,1,3.84,0.178187175712809,0.0,69.2,0.878773636702086,2,0.24,60.47092,5.2,25,0.0,114.2,2.28,0.205128205128205,0.0991999999999999,3.8,0.128205128205128,15,5,0.666666666666667,2.164,2.04,3,7.8,8.16,0.96,
9706385,84,2,-2.13065158767774,1,3.52,0.184561293402918,0.0,68.0,1.15957534907458,2,0.16,59.73672,4.8,28,0.0,115.8,2.2,0.216216216216216,0.0736,4.2,0.135135135135135,15,5,0.648648648648649,2.132,2.04,3,7.4,9.6,0.64,
6703951,84,3,-2.19133192988063,2,7.36,0.187750550694611,0.0,66.0,1.18403184734597,3,0.32,92.84472,3.6,33,0.459016393442623,122.2,2.36,0.163934426229508,0.1312,5.0,0.0819672131147541,20,6,0.295081967213115,2.196,2.04,3,12.2,12.0,0.8,
5693807,84,3,-2.11507058863213,1,3.36,0.200490193411229,0.0,65.6,0.85765269823396,3,0.14,57.69272,4.0,34,0.0,119.0,2.18,0.242424242424242,0.0608,5.0,0.151515151515151,15,6,0.606060606060606,2.116,2.04,3,6.6,12.48,0.8,
9245670,81,3,-2.14340752771899,1,7.52,0.264762521262011,0.0,65.0,15.195911322684,2,0.29,84.1484,4.0,31,0.304347826086956,124.4,2.33,0.173913043478261,0.0848,5.2,0.0869565217391304,28,6,0.434782608695652,2.146,2.04,4,9.2,12.0,0.64,
9605831,83,3,-2.1170074697076,1,1.28,0.209236908423423,0.0,65.4,0.489509462814792,3,0.15,48.9031524,2.0,33,0.0,116.6,2.19,0.347826086956522,0.0624,5.0,0.217391304347826,6,6,0.434782608695652,2.118,2.04,3,4.6,12.32,0.8,
2541903,88,3,-2.18754758380055,1,1.44,0.208181128439005,0.0,66.4,19078454.2565923,4,0.54,49.1214,2.0,38,0.0,116.2,2.58,0.333333333333333,0.1536,4.8,0.25,6,6,0.416666666666667,2.196,2.04,2,4.8,13.12,1.12,
6895471,81,3,-2.22069059041416,2,9.44,0.263402454957875,0.0,65.4,4.0907816652663,2,0.32,119.3004,3.6,30,0.567567567567568,127.6,2.36,0.135135135135135,0.1488,5.2,0.054054054054054,28,6,0.243243243243243,2.226,2.04,4,14.8,11.52,0.64,
4692830,83,2,-2.16329042847001,1,2.56,0.18391049142992,0.0,69.0,0.619117358097741,2,0.24,51.6813524,3.2,24,0.0,111.8,2.28,0.275862068965517,0.1008,3.8,0.172413793103448,9,5,0.551724137931034,2.166,2.04,3,5.8,8.0,0.96,
4976231,83,2,-2.13260273709127,1,2.08,0.191249486918778,0.0,67.8,0.718746967732753,2,0.16,50.9471524,2.8,27,0.0,113.4,2.2,0.296296296296296,0.0752,4.2,0.185185185185185,8,5,0.518518518518518,2.134,2.04,3,5.4,9.44,0.64,
1059674,83,3,-2.19333864746626,2,7.84,0.194888460581358,0.0,65.8,0.629539703883155,3,0.32,84.0551524,1.6,32,0.549019607843137,119.8,2.36,0.196078431372549,0.1296,5.0,0.0980392156862745,20,6,0.156862745098039,2.198,2.04,3,10.2,11.84,0.8,
3254689,81,1,-2.19026765629007,1,7.04,0.262937277792971,0.0,68.6,3.82563274073974,2,0.29,86.9266,5.2,22,0.269230769230769,119.6,2.33,0.153846153846154,0.1232,4.0,0.0769230769230769,28,5,0.5,2.194,2.04,3,10.4,7.68,0.8,
2096537,88,3,-2.23537272190732,1,2.4,0.183016696114988,0.0,70.0,16766522.4420708,3,0.54,51.8996,3.2,29,0.0,111.4,2.58,0.266666666666667,0.1632,3.6,0.2,9,5,0.533333333333333,2.244,2.04,2,6.0,8.8,1.12,
7819360,81,3,-2.15919727526842,1,7.2,0.263192564548187,0.057541,67.4,8.23075196761442,1,0.29,86.1924,4.8,25,0.28,121.2,2.33,0.16,0.0976,4.4,0.08,28,5,0.48,2.162,2.04,4,10.0,9.12,0.48,
5183609,88,3,-2.20366249599242,1,2.08,0.190303673560118,0.0,68.8,18064572.1710131,3,0.54,51.1654,2.8,32,0.0,113.0,2.58,0.285714285714286,0.1472,4.0,0.214285714285714,8,5,0.5,2.212,2.04,2,5.6,10.24,0.8,
6971305,88,3,-2.26642216778946,2,7.68,0.193918507395057,0.0,66.8,21881540.0226054,4,0.54,84.2734,1.6,37,0.538461538461538,119.4,2.58,0.192307692307692,0.1888,4.8,0.115384615384615,20,6,0.153846153846154,2.276,2.04,2,10.4,12.64,1.12,
2465970,72,3,-2.01006873420435,1,2.4,0.234756787323376,0.0,62.8,2.24994880303402,6,0.47,65.1906,4.0,22,0.0,124.0,2.16,0.266666666666667,0.1312,4.4,0.0666666666666666,12,6,0.666666666666667,2.018,1.69,0,6.0,10.24,1.76,
5749680,72,1,-2.05401375077419,1,3.36,0.2279288267092,0.0496039999999999,66.4,1.24474025026835,5,0.59,67.9688,5.2,13,0.0,119.2,2.28,0.222222222222222,0.1712,3.2,0.0555555555555555,12,5,0.722222222222222,2.066,1.69,0,7.2,5.92,1.44,
2487590,72,3,-2.02487622062942,1,3.04,0.229617304492512,0.006147,65.2,2.21462446786476,5,0.51,67.2346,4.8,16,0.0,120.8,2.2,0.235294117647059,0.1376,3.6,0.0588235294117647,12,5,0.705882352941177,2.034,1.69,0,6.8,7.36,1.44,
3891520,72,3,-2.08254411091091,2,6.88,0.230543921141055,0.0,63.2,4.34426629379436,6,0.67,100.3426,3.6,21,0.482758620689655,127.2,2.36,0.172413793103448,0.2096,4.4,0.0344827586206896,20,6,0.310344827586207,2.098,1.69,0,11.6,9.76,1.76,
2836405,72,1,-1.90148344044105,2,3.36,0.223945679042768,0.0,66.0,1.6683469942021,5,0.35,50.379878,4.8,14,0.0,112.8,2.04,0.277777777777778,0.1072,3.2,0.0555555555555555,12,5,0.666666666666667,1.906,1.69,0,7.2,6.4,1.44,
6491783,72,3,-1.88109116553606,2,3.04,0.223945679042768,0.090821,64.8,2.220612859965,5,0.35,49.1446,4.4,17,0.0,115.2,2.04,0.294117647058823,0.1232,3.6,0.0588235294117647,12,5,0.647058823529412,1.886,1.69,0,6.8,7.84,1.44,
2931756,72,1,-1.91356295493539,2,3.68,0.22431623524546,0.006536,67.2,1.45283431872815,5,0.35,50.28396,5.2,11,0.0,112.0,2.04,0.263157894736842,0.0976,2.8,0.0526315789473684,12,5,0.684210526315789,1.918,1.69,0,7.6,4.96,1.76,
6982735,72,3,-1.90954918117108,2,2.72,0.231522992329165,0.0,64.0,2.06073109354732,5,0.35,66.0066,4.0,19,0.0,121.2,2.04,0.3125,0.1008,4.0,0.0625,12,5,0.625,1.914,1.69,0,6.4,8.8,1.6,
2018563,84,1,-2.00081302256555,2,3.84,0.15612386257877,0.0,68.8,0.912495443200985,2,0.3,42.881998,4.8,26,0.0,107.8,2.18,0.256410256410256,0.0992000000000001,3.8,0.128205128205128,15,5,0.615384615384615,2.004,1.88,3,7.8,8.64,0.96,
6175483,81,1,-2.02761918073793,2,7.04,0.263891812849298,0.0,68.2,48.4170904406781,2,0.45,69.337678,4.8,23,0.269230769230769,113.2,2.33,0.192307692307692,0.1232,4.0,0.0769230769230769,28,5,0.461538461538462,2.034,1.88,3,10.4,8.16,0.8,
1923504,83,2,-2.00264527199485,2,2.56,0.157618547511842,0.0,68.6,0.564627592175083,2,0.31,34.0924304,2.8,25,0.0,105.4,2.19,0.344827586206897,0.1008,3.8,0.172413793103448,9,5,0.482758620689655,2.006,1.88,3,5.8,8.48,0.96,
5197243,88,2,-2.0693747606696,2,2.4,0.156956739165573,0.0,69.6,15121156.7045738,3,0.7,34.310678,2.8,30,0.0,105.0,2.58,0.333333333333333,0.1984,3.6,0.2,9,5,0.466666666666667,2.084,1.88,2,6.0,9.28,1.12,
3582067,79,1,-1.96858611764006,2,3.68,0.155709800070947,0.0,67.8,0.739503065292786,2,0.16,42.425678,4.8,21,0.0,108.0,2.04,0.263157894736842,0.072,4.0,0.105263157894737,14,5,0.631578947368421,1.97,1.88,3,7.6,7.84,0.8,
6039182,78,1,-1.94655162779233,2,2.72,0.154906931004829,0.0,67.6,0.543722772862253,2,0.16,33.514778,2.8,20,0.0,106.2,2.04,0.357142857142857,0.0736,4.0,0.142857142857143,9,5,0.5,1.948,1.88,3,5.6,7.68,0.8,
7803256,80,1,-1.95869322418115,2,3.68,0.21943403815018,0.0,68.0,1.59644768098912,2,0.16,51.639678,4.8,22,0.0,111.8,2.04,0.263157894736842,0.0640000000000001,4.0,0.105263157894737,14,5,0.631578947368421,1.96,1.88,3,7.6,8.0,0.8,
7521463,84,2,-1.90364779844506,1,3.36,0.171830132537853,0.0,65.2,0.783332493686241,3,0.52,40.10716,4.0,35,0.0,113.0,2.18,0.242424242424242,0.2048,5.0,0.151515151515151,15,6,0.606060606060606,1.916,1.66,3,6.6,12.96,0.8,
9257083,81,2,-1.92915217262401,1,7.52,0.262909117334157,0.0,64.6,13.2334881682865,2,0.67,66.56284,4.0,32,0.304347826086956,118.4,2.33,0.173913043478261,0.2288,5.2,0.0869565217391304,28,6,0.434782608695652,1.946,1.66,4,9.2,12.48,0.64,
7905641,83,2,-1.90539106858223,1,1.28,0.17649185829694,0.0,65.0,0.462891462909908,3,0.53,31.3175924,2.0,34,0.0,110.6,2.19,0.347826086956522,0.2064,5.0,0.217391304347826,6,6,0.434782608695652,1.918,1.66,3,4.6,12.8,0.8,
9321840,88,2,-1.96887998172623,1,1.44,0.17565566424556,0.0,66.0,16566552.6189635,4,0.92,31.53584,2.0,39,0.0,110.2,2.58,0.333333333333333,0.2688,4.8,0.25,6,6,0.416666666666667,1.996,1.66,2,4.8,13.6,1.12,
2760143,72,2,-1.80914194597449,1,2.4,0.226472471692405,0.0,62.4,1.65309140826027,6,0.38,47.60504,4.0,23,0.0,118.0,2.04,0.266666666666667,0.1776,4.4,0.0666666666666666,12,6,0.666666666666667,1.818,1.66,0,6.0,10.72,1.76,
9618250,74,2,-1.83413381225793,1,2.72,0.186658751975725,0.0,63.2,0.900036346364901,1,0.38,39.06744,4.0,25,0.0,113.6,2.04,0.258064516129032,0.1584,5.4,0.0967741935483871,13,6,0.645161290322581,1.842,1.66,5,6.2,11.36,0.48,
9138254,79,2,-1.8729859245367,1,3.04,0.171719548408983,0.0,64.2,0.694840454357567,2,0.38,39.65084,4.0,30,0.0,113.2,2.04,0.25,0.1776,5.2,0.125,14,6,0.625,1.882,1.66,4,6.4,12.16,0.64,
7243896,75,2,-1.82801309569024,1,2.72,0.222451146254413,0.0,63.4,2.16655673147415,1,0.38,48.08644,4.0,26,0.0,117.6,2.04,0.258064516129032,0.1632,5.4,0.0967741935483871,13,6,0.645161290322581,1.836,1.66,5,6.2,11.52,0.48,
4165230,78,2,-1.85202149277051,1,1.28,0.172044228070584,0.0,64.0,0.521142827599055,2,0.38,30.73994,2.0,29,0.0,111.4,2.04,0.363636363636364,0.16,5.2,0.181818181818182,6,6,0.454545454545454,1.86,1.66,4,4.4,12.0,0.64,
3041965,80,2,-1.86357345838373,1,3.04,0.222451146254413,0.0,64.4,1.54147919594534,2,0.38,48.86484,4.0,31,0.0,117.0,2.04,0.25,0.1696,5.2,0.125,14,6,0.625,1.872,1.66,4,6.4,12.32,0.64,
7063891,84,1,-1.97935549718201,2,3.52,0.15612386257877,0.0,67.6,0.920913659046864,2,0.35,41.64672,4.4,29,0.0,110.2,2.18,0.27027027027027,0.1232,4.2,0.135135135135135,15,5,0.594594594594595,1.984,1.83,3,7.4,10.08,0.64,
9328467,81,3,-2.00587417530857,2,7.2,0.263891812849298,0.097071,67.0,6.9840729325782,1,0.5,68.1024,4.4,26,0.28,115.6,2.33,0.2,0.1472,4.4,0.08,28,5,0.44,2.014,1.83,4,10.0,9.6,0.48,
5196087,83,2,-1.98116809682986,2,2.08,0.157618547511842,0.0,67.4,0.520170442174738,2,0.36,32.8571524,2.4,28,0.0,107.8,2.19,0.37037037037037,0.1248,4.2,0.185185185185185,8,5,0.444444444444444,1.986,1.83,3,5.4,9.92,0.64,
2673845,88,2,-2.04718195156934,2,2.08,0.156956739165573,0.0,68.4,15272011.1325319,3,0.75,33.0754,2.4,33,0.0,107.4,2.58,0.357142857142857,0.2064,4.0,0.214285714285714,8,5,0.428571428571429,2.064,1.83,2,5.6,10.72,0.8,
8054917,79,3,-1.94747420657564,2,3.36,0.155709800070947,0.097071,66.6,0.768185803792121,1,0.21,41.1904,4.4,24,0.0,110.4,2.04,0.277777777777778,0.0959999999999999,4.4,0.111111111111111,14,5,0.611111111111111,1.95,1.83,4,7.2,9.28,0.48,
5619803,78,3,-1.92567602347916,2,2.24,0.154906931004829,0.097071,66.4,0.543006904689055,1,0.21,32.2795,2.4,23,0.0,108.6,2.04,0.384615384615385,0.0896,4.4,0.153846153846154,8,5,0.461538461538462,1.928,1.83,4,5.2,9.12,0.48,
4267580,80,3,-1.93768740849402,2,3.36,0.21943403815018,0.097071,66.8,2.10281958769752,1,0.21,50.4044,4.4,25,0.0,114.2,2.04,0.277777777777778,0.088,4.4,0.111111111111111,14,5,0.611111111111111,1.94,1.83,4,7.2,9.44,0.48,
4203176,74,3,-2.03783624528193,1,2.72,0.20609831249986,0.0,63.6,1.07548662473435,1,0.35,56.653,4.0,24,0.0,119.6,2.16,0.258064516129032,0.0944,5.4,0.0967741935483871,13,6,0.645161290322581,2.042,1.81,5,6.2,10.88,0.48,
4265083,74,1,-2.0823883275275,1,3.52,0.190716824855805,0.0,67.2,0.752564890434923,2,0.47,59.4312,5.2,15,0.0,114.8,2.28,0.216216216216216,0.152,4.2,0.081081081081081,13,5,0.702702702702703,2.09,1.81,3,7.4,6.56,0.96,
6752138,74,3,-2.05284828543013,1,3.2,0.194942090256101,0.0,66.0,1.05629024231989,1,0.39,58.697,4.8,18,0.0,116.4,2.2,0.228571428571429,0.1136,4.6,0.0857142857142857,13,5,0.685714285714286,2.058,1.81,4,7.0,8.0,0.48,
5902371,74,3,-2.11131281204299,2,7.04,0.197110518441763,0.0,64.0,1.50914238620401,1,0.55,91.805,3.6,23,0.474576271186441,122.8,2.36,0.169491525423729,0.1904,5.4,0.0508474576271186,20,6,0.305084745762712,2.122,1.81,5,11.8,10.4,0.48,
3264017,74,1,-1.92775093149636,2,3.52,0.17740691724314,0.0,66.8,0.882739802081724,2,0.23,41.842278,4.8,16,0.0,108.4,2.04,0.27027027027027,0.088,4.2,0.081081081081081,13,5,0.648648648648649,1.93,1.81,3,7.4,7.04,0.96,
7804269,74,3,-1.90707695342885,2,3.2,0.17740691724314,0.0,65.6,0.984513116618763,1,0.23,40.607,4.4,19,0.0,110.8,2.04,0.285714285714286,0.104,4.6,0.0857142857142857,13,5,0.628571428571429,1.91,1.81,4,7.0,8.48,0.48,
2819470,74,1,-1.93999731493744,2,3.84,0.179141821333142,0.0,68.0,0.813099635026308,3,0.23,41.74636,5.2,13,0.0,107.6,2.04,0.256410256410256,0.0784,3.8,0.0769230769230769,13,5,0.666666666666667,1.942,1.81,2,7.8,5.6,1.44,
3892147,74,3,-1.93592809406052,2,2.88,0.199312714776632,0.0,64.8,1.00079418896756,0,0.23,57.469,4.0,21,0.0,116.8,2.04,0.303030303030303,0.0816,5.0,0.0909090909090909,13,5,0.606060606060606,1.938,1.81,5,6.6,9.44,0.0,
5718692,79,3,-2.08100334796456,1,3.04,0.200781428195816,0.0,64.6,0.782094749031133,2,0.15,57.2364,4.0,29,0.0,119.2,2.16,0.25,0.0624,5.2,0.125,14,6,0.625,2.082,2.01,4,6.4,11.68,0.64,
9317254,79,1,-2.12649916860593,1,3.68,0.178179966487409,0.0,68.2,0.711337281252167,2,0.27,60.0146,5.2,20,0.0,114.4,2.28,0.210526315789474,0.12,4.0,0.105263157894737,14,5,0.684210526315789,2.13,2.01,3,7.6,7.36,0.8,
8463201,79,3,-2.09633338534147,1,3.36,0.184648700679445,0.057541,67.0,0.909901311986833,1,0.19,59.2804,4.8,23,0.0,116.0,2.2,0.222222222222222,0.0816,4.4,0.111111111111111,14,5,0.666666666666667,2.098,2.01,4,7.2,8.8,0.48,
9450781,79,3,-2.1560363550478,2,7.2,0.187882263393752,0.0,65.0,1.04130589199063,2,0.35,92.3884,3.6,28,0.466666666666667,122.4,2.36,0.166666666666667,0.1584,5.2,0.0666666666666666,20,6,0.3,2.162,2.01,4,12.0,11.2,0.64,
9840216,73,3,-1.62478006942316,2,7.2,0.253730382469685,0.0,61.4,0.341126255755271,3,0.74,81.11670772,0.8,28,0.622222222222222,127.8,2.04,0.222222222222222,0.3056,6.2,0.0666666666666666,18,8,0.0888888888888888,1.658,1.3,5,9.0,13.12,1.44,
3821574,84,3,-1.72631763329385,2,6.72,0.259209876971558,0.0,63.6,0.300460046240876,5,0.88,90.70472,2.8,39,0.491228070175439,127.4,2.18,0.175438596491228,0.3776,5.8,0.087719298245614,18,8,0.245614035087719,1.772,1.3,3,11.4,14.88,1.76,
2361549,81,3,-1.74944620303622,2,8.8,0.280519703259021,0.0,63.0,0.452063797847005,4,1.03,117.1604,2.8,36,0.6,132.8,2.33,0.142857142857143,0.4016,6.0,0.0571428571428571,28,8,0.2,1.802,1.3,4,14.0,14.4,1.6,
3056417,83,3,-1.72789851289765,2,6.88,0.272831172793036,0.0,63.4,0.220702708597307,5,0.89,81.9151524,0.8,38,0.595744680851064,125.0,2.19,0.212765957446809,0.3792,5.8,0.106382978723404,18,8,0.0851063829787234,1.774,1.3,3,9.4,14.72,1.76,
5308146,88,3,-1.7854732545955,2,6.72,0.271520914645437,0.0,64.4,17710239.677437,6,1.28,82.1334,0.8,43,0.583333333333333,124.6,2.58,0.208333333333333,0.4416,5.6,0.125,18,8,0.0833333333333333,1.852,1.3,2,9.6,15.52,1.92,
1260374,72,3,-1.6406152677078,2,6.24,0.262954625331178,0.0,60.8,0.409224254507669,8,0.74,98.2026,2.8,27,0.518518518518518,132.4,2.04,0.185185185185185,0.2992,5.2,0.037037037037037,18,8,0.259259259259259,1.674,1.3,0,10.8,12.64,2.24,
8496023,74,3,-1.6632790711116,2,6.4,0.252497249948616,0.0,61.6,0.342975586253305,3,0.74,89.665,2.8,29,0.509090909090909,128.0,2.04,0.181818181818182,0.3184,6.2,0.0545454545454545,18,8,0.254545454545455,1.698,1.3,5,11.0,13.28,1.44,
6851203,79,3,-1.69851199947804,2,6.56,0.259993958960147,0.0,62.6,0.302303529599457,4,0.74,90.2484,2.8,34,0.5,127.6,2.04,0.178571428571428,0.3504,6.0,0.0714285714285714,18,8,0.25,1.738,1.3,4,11.2,14.08,1.6,
6283704,75,3,-1.65772851656688,2,6.4,0.261365561965106,0.0,61.8,0.420995330402342,3,0.74,98.684,2.8,30,0.509090909090909,132.0,2.04,0.181818181818182,0.3136,6.2,0.0545454545454545,18,8,0.254545454545455,1.692,1.3,5,11.0,13.44,1.44,
9425807,78,3,-1.67950046369946,2,7.04,0.263570544455797,0.0,62.4,0.280103863571402,4,0.74,81.3375,0.8,33,0.608695652173913,125.8,2.04,0.217391304347826,0.3328,6.0,0.0869565217391304,18,8,0.0869565217391304,1.716,1.3,4,9.2,13.92,1.6,
1365094,80,3,-1.68997633111233,2,6.56,0.261365561965106,0.0,62.8,0.375733655838061,4,0.74,99.4624,2.8,35,0.5,131.4,2.04,0.178571428571428,0.3424,6.0,0.0714285714285714,18,8,0.25,1.728,1.3,4,11.2,14.24,1.6,
2943061,76,3,-1.62679343380494,2,8.64,0.278121511168405,0.0,62.0,0.486022012689706,3,0.74,116.59706,2.8,31,0.608695652173913,132.6,2.04,0.144927536231884,0.304,6.2,0.0434782608695652,27,8,0.202898550724638,1.66,1.3,5,13.8,13.6,1.44,
3149850,72,3,-1.63277445340851,2,6.24,0.253441304432607,0.0,60.6,0.37508334411715,8,0.74,88.7964,2.8,27,0.518518518518518,128.0,2.04,0.185185185185185,0.2992,5.2,0.037037037037037,18,8,0.259259259259259,1.666,1.3,0,10.8,12.48,2.24,
5732806,75,3,-2.03103575014608,1,2.72,0.23160277792655,0.0,63.8,3.52041495135116,1,0.38,65.672,4.0,25,0.0,123.6,2.16,0.258064516129032,0.1024,5.4,0.0967741935483871,13,6,0.645161290322581,2.036,1.78,5,6.2,11.04,0.48,
2078916,75,1,-2.07543915694274,1,3.52,0.224103641018935,0.0,67.4,1.31555668131475,2,0.5,68.4502,5.2,16,0.0,118.8,2.28,0.216216216216216,0.1568,4.2,0.081081081081081,13,5,0.702702702702703,2.084,1.78,3,7.4,6.72,0.96,
6902314,75,3,-2.04599769338084,1,3.2,0.225986928334126,0.0,66.2,2.83393363277673,1,0.42,67.716,4.8,19,0.0,120.4,2.2,0.228571428571429,0.1184,4.6,0.0857142857142857,13,5,0.685714285714286,2.052,1.78,4,7.0,8.16,0.48,
9765234,75,3,-2.10426711710957,2,7.04,0.227010205999232,0.0,64.2,11.4344495319601,1,0.58,100.824,3.6,24,0.474576271186441,126.8,2.36,0.169491525423729,0.1952,5.4,0.0508474576271186,20,6,0.305084745762712,2.116,1.78,5,11.8,10.56,0.48,
4987650,75,1,-1.92131780377911,2,3.52,0.21943403815018,0.0,67.0,2.06436953577877,2,0.26,50.861278,4.8,17,0.0,112.4,2.04,0.27027027027027,0.0928,4.2,0.081081081081081,13,5,0.648648648648649,1.924,1.78,3,7.4,7.2,0.96,
6319528,75,1,-1.90071281716643,2,3.2,0.21943403815018,0.0,65.8,3.19679462735207,1,0.26,49.626,4.4,20,0.0,114.8,2.04,0.285714285714286,0.1088,4.6,0.0857142857142857,13,5,0.628571428571429,1.904,1.78,4,7.0,8.64,0.48,
9720165,75,1,-1.93352331962289,2,3.84,0.21990216824065,0.0,68.2,1.68007032175285,3,0.26,50.76536,5.2,14,0.0,111.6,2.04,0.256410256410256,0.0832,3.8,0.0769230769230769,13,5,0.666666666666667,1.936,1.78,2,7.8,5.76,1.44,
9518437,75,3,-1.92946767820646,2,2.88,0.228085323342676,0.0,65.0,2.60657981032518,0,0.26,66.488,4.0,22,0.0,120.8,2.04,0.303030303030303,0.0864,5.0,0.0909090909090909,13,5,0.606060606060606,1.932,1.78,5,6.6,9.6,0.0,
9467830,73,3,-1.74321085435781,2,1.92,0.200159611154652,0.0,64.2,0.572431978799407,0,0.49,31.69592572,2.0,21,0.0,113.4,2.04,0.434782608695652,0.2256,5.0,0.130434782608696,7,5,0.434782608695652,1.758,1.55,5,4.6,9.76,0.0,
1895642,84,3,-1.85214952660979,2,3.2,0.178187175712809,0.0,66.4,0.569057571948847,2,0.63,41.283938,4.0,32,0.0,113.0,2.18,0.285714285714286,0.2576,4.6,0.142857142857143,15,5,0.571428571428571,1.872,1.55,3,7.0,11.52,0.64,
4750928,81,3,-1.87696394585299,2,7.36,0.262937277792971,0.0,65.8,1.69211997174352,1,0.78,67.739618,4.0,29,0.291666666666667,118.4,2.33,0.208333333333333,0.2816,4.8,0.0833333333333333,28,5,0.416666666666667,1.902,1.55,4,9.6,11.04,0.32,
5140362,83,3,-1.85384563707831,2,1.6,0.18391049142992,0.0,66.2,0.364745776420898,2,0.64,32.4943704,2.0,31,0.0,110.6,2.19,0.4,0.2592,4.6,0.2,7,5,0.4,1.874,1.55,3,5.0,11.36,0.64,
7932580,88,3,-1.91561702174341,2,1.76,0.183016696114988,0.0048639999999999,67.2,14247604.3194207,3,1.03,32.712618,2.0,36,0.0,110.2,2.58,0.384615384615385,0.3216,4.4,0.230769230769231,7,5,0.384615384615385,1.952,1.55,2,5.2,12.16,0.96,
8605217,72,3,-1.76020028575852,2,2.72,0.2279288267092,0.0,63.6,0.931677788331788,5,0.49,48.781818,4.0,20,0.0,118.0,2.04,0.3125,0.2128,4.0,0.0625,12,5,0.625,1.774,1.55,0,6.4,9.28,1.6,
8653417,74,3,-1.78451606168292,2,2.88,0.190716824855805,0.0,64.4,0.620498004320115,0,0.49,40.244218,4.0,22,0.0,113.6,2.04,0.303030303030303,0.1984,5.0,0.0909090909090909,13,5,0.606060606060606,1.798,1.55,5,6.6,9.92,0.0,
8290476,79,3,-1.82231713046449,2,3.04,0.178179966487409,0.0,65.4,0.510785035071789,1,0.49,40.827618,4.0,27,0.0,113.2,2.04,0.294117647058823,0.2304,4.8,0.117647058823529,14,5,0.588235294117647,1.838,1.55,4,6.8,10.72,0.32,
2384019,75,3,-1.77856092528499,2,2.88,0.224103641018935,0.0,64.6,1.04071274696066,0,0.49,49.263218,4.0,23,0.0,117.6,2.04,0.303030303030303,0.1984,5.0,0.0909090909090909,13,5,0.606060606060606,1.792,1.55,5,6.6,10.08,0.0,
6930741,78,3,-1.80191983722406,2,1.76,0.178885438199983,0.0,65.2,0.419857122622944,1,0.49,31.916718,2.0,26,0.0,111.4,2.04,0.416666666666667,0.2128,4.8,0.166666666666667,7,5,0.416666666666667,1.816,1.55,4,4.8,10.56,0.32,
4867502,80,3,-1.81315929425988,2,3.04,0.224103641018935,0.0,65.6,0.852143004265481,1,0.49,50.041618,4.0,28,0.0,117.0,2.04,0.294117647058823,0.2224,4.8,0.117647058823529,14,5,0.588235294117647,1.828,1.55,4,6.8,10.88,0.32,
9157643,76,3,-1.74537097357034,2,7.04,0.258645214868096,0.0,64.8,1.75222376839251,0,0.49,67.176278,4.0,24,0.297872340425532,118.2,2.04,0.212765957446809,0.224,5.0,0.0638297872340425,27,5,0.425531914893617,1.76,1.55,5,9.4,10.24,0.0,
9607438,72,3,-1.75178795177514,2,2.72,0.198687728150178,0.0,63.4,0.699877769878881,5,0.49,39.375618,4.0,20,0.0,113.6,2.04,0.3125,0.2192,4.0,0.0625,12,5,0.625,1.766,1.55,0,6.4,9.12,1.6,
4528069,73,2,-1.76548989122387,1,0.96,0.220794403122398,0.0,62.2,0.484187497210521,2,0.44,46.88325972,1.6,26,0.0,123.4,2.04,0.421052631578947,0.2096,5.8,0.157894736842105,5,7,0.421052631578947,1.778,1.6,5,3.8,12.16,0.96,
1790246,84,2,-1.87582084983592,1,3.52,0.213150440681858,0.0,64.4,0.43567369030864,4,0.58,56.471272,3.6,37,0.0,123.0,2.18,0.258064516129032,0.2336,5.4,0.161290322580645,15,7,0.580645161290323,1.892,1.6,3,6.2,13.92,1.28,
8410523,81,2,-1.90095240877553,1,7.68,0.266897594919487,0.0,63.8,0.970213272872947,3,0.73,82.926952,3.6,34,0.318181818181818,128.4,2.33,0.181818181818182,0.2576,5.6,0.0909090909090909,28,7,0.409090909090909,1.922,1.6,4,8.8,13.44,1.12,
3014689,83,2,-1.87753863737669,1,0.96,0.223249411608884,0.0,64.2,0.292538118553825,4,0.59,47.6817044,1.6,36,0.0,120.6,2.19,0.380952380952381,0.2352,5.4,0.238095238095238,5,7,0.380952380952381,1.894,1.6,3,4.2,13.76,1.28,
7348562,88,2,-1.94009948876224,1,1.12,0.22212213093825,0.0,65.2,18566250.8500367,5,0.98,47.899952,1.6,41,0.0,120.2,2.58,0.363636363636364,0.2976,5.2,0.272727272727273,6,7,0.363636363636364,1.972,1.6,2,4.4,14.56,1.44,
6423907,72,2,-1.78269645537565,1,2.56,0.23969492120604,0.0,61.6,0.704142643290863,7,0.44,63.969152,3.6,25,0.0,128.0,2.04,0.285714285714286,0.1968,4.8,0.0714285714285714,12,7,0.642857142857143,1.794,1.6,0,5.6,11.68,1.92,
1932047,74,2,-1.8073229981054,1,2.88,0.215484846803291,0.0,62.4,0.523192079226391,2,0.44,55.431552,3.6,27,0.0,123.6,2.04,0.275862068965517,0.1776,5.8,0.103448275862069,13,7,0.620689655172414,1.818,1.6,5,5.8,12.32,0.96,
9603748,79,2,-1.84560718194035,1,3.2,0.213576950562855,0.0,63.4,0.431249198448736,3,0.44,56.014952,3.6,32,0.0,123.2,2.04,0.266666666666667,0.2064,5.6,0.133333333333333,14,7,0.6,1.858,1.6,4,6.0,13.12,1.12,
3469512,75,2,-1.80129175232401,1,2.88,0.236906211638506,0.0,62.6,0.776618913699779,2,0.44,64.450552,3.6,28,0.0,127.6,2.04,0.275862068965517,0.1824,5.8,0.103448275862069,13,7,0.620689655172414,1.812,1.6,5,5.8,12.48,0.96,
2694380,78,2,-1.82494920190639,1,0.8,0.215864849236958,0.0,63.2,0.365944924105601,3,0.44,47.104052,1.6,31,0.0,121.4,2.04,0.4,0.1888,5.6,0.2,5,7,0.4,1.836,1.6,4,4.0,12.96,1.12,
5648371,80,2,-1.83633230437501,1,3.2,0.236906211638506,0.0,63.6,0.64460823773896,3,0.44,65.228952,3.6,33,0.0,127.0,2.04,0.266666666666667,0.1984,5.6,0.133333333333333,14,7,0.6,1.848,1.6,4,6.0,13.28,1.12,
5294037,76,2,-1.76767761775393,1,7.36,0.26343055108671,0.0,62.8,1.07370160702509,2,0.44,82.363612,3.6,29,0.325581395348837,128.2,2.04,0.186046511627907,0.208,5.8,0.0697674418604651,27,7,0.418604651162791,1.78,1.6,5,8.6,12.64,0.96,
5160827,72,2,-1.77417660789299,1,2.56,0.219909966516167,0.0,61.4,0.568454316382676,7,0.44,54.562952,3.6,25,0.0,123.6,2.04,0.285714285714286,0.2032,4.8,0.0714285714285714,12,7,0.642857142857143,1.786,1.6,0,5.6,11.52,1.92,
4637091,84,2,-2.01352354604029,2,4.16,0.159233637725358,0.0,70.0,0.888793236937251,3,0.27,42.78608,5.2,23,0.0,107.0,2.18,0.24390243902439,0.0848,3.4,0.121951219512195,15,5,0.634146341463415,2.016,1.91,2,8.2,7.2,1.28,
3740286,81,1,-2.04049999513884,2,6.88,0.263570544455797,0.068933,69.4,9.59571202536925,3,0.42,69.24176,5.2,20,0.259259259259259,112.4,2.33,0.185185185185185,0.1136,3.6,0.074074074074074,28,5,0.481481481481481,2.046,1.91,2,10.8,6.72,1.28,
5146839,83,2,-2.01536743516262,2,3.04,0.161428299141188,0.0,69.8,0.566165363862196,3,0.28,33.9965124,3.2,22,0.0,104.6,2.19,0.32258064516129,0.0864,3.4,0.161290322580645,10,5,0.516129032258065,2.018,1.91,2,6.2,7.04,1.28,
4768210,88,2,-2.08252083487887,2,2.88,0.160727595430146,0.050912,70.8,14980827.0041476,3,0.67,34.21476,3.2,27,0.0,104.2,2.58,0.3125,0.1936,3.2,0.1875,10,5,0.5,2.096,1.91,2,6.4,7.84,1.44,
2043178,79,1,-1.98109191392292,2,4.0,0.158885978904878,0.060882,69.0,0.712870614675877,3,0.13,42.32976,5.2,18,0.0,107.2,2.04,0.25,0.0576,3.6,0.1,14,5,0.65,1.982,1.91,2,8.0,6.4,1.28,
1487932,80,1,-1.9711361740845,2,4.0,0.21990216824065,0.066314,69.2,1.39573235634829,3,0.13,51.54376,5.2,19,0.0,111.0,2.04,0.25,0.0544,3.6,0.1,14,5,0.65,1.972,1.91,2,8.0,6.56,1.28,
3215784,73,2,-1.65437060737829,2,0.0,0.262924903061244,0.0,47.8,0.342878481789598,4,0.68,27.70307252,0.4,62,0.0,125.8,2.04,0.666666666666667,0.2864,6.6,0.2,3,9,0.133333333333333,1.682,1.36,5,3.0,29.44,1.92,
8315042,84,2,-1.75775737607006,2,3.84,0.271013549918708,0.0,50.0,0.291548331526338,6,0.82,37.2910848,2.4,73,0.0,125.4,2.18,0.37037037037037,0.3488,6.2,0.185185185185185,15,9,0.444444444444444,1.796,1.36,3,5.4,31.2,2.24,
3627410,81,2,-1.78130716394139,2,8.0,0.285329741988027,0.005228,49.4,0.407678335846539,5,0.97,63.7467648,2.4,70,0.35,130.8,2.33,0.25,0.3728,6.4,0.1,28,9,0.3,1.826,1.36,4,8.0,30.72,2.08,
1743698,83,2,-1.75936704669537,2,0.64,0.285289029116658,0.0,49.8,0.213371171222696,6,0.83,28.5015172,0.4,72,0.0,123.0,2.19,0.588235294117647,0.3504,6.2,0.294117647058823,5,9,0.117647058823529,1.798,1.36,3,3.4,31.04,2.24,
4127693,88,2,-1.81799034112447,2,0.96,0.283945535334322,0.0,50.8,15282535.8600639,7,1.22,28.7197648,0.4,77,0.0,122.6,2.58,0.555555555555556,0.4128,6.0,0.333333333333333,6,9,0.111111111111111,1.876,1.36,2,3.6,31.84,2.4,
9354761,72,2,-1.6704941967164,2,2.88,0.270037699039819,0.0,47.2,0.384932068446988,9,0.68,44.7889648,2.4,61,0.0,130.4,2.04,0.416666666666667,0.2736,5.6,0.0833333333333333,12,9,0.5,1.698,1.36,0,4.8,28.96,2.72,
8927605,74,2,-1.69357075391219,2,3.2,0.26253183938881,0.0,48.0,0.333024784304493,4,0.68,36.2513648,2.4,63,0.0,126.0,2.04,0.4,0.2896,6.6,0.12,13,9,0.48,1.722,1.36,5,5.0,29.6,1.92,
4327501,79,2,-1.72944534530966,2,3.52,0.271865037327236,0.0132789999999999,49.0,0.29038624684112,5,0.68,36.8347648,2.4,68,0.0,125.6,2.04,0.384615384615385,0.3216,6.4,0.153846153846154,14,9,0.461538461538462,1.762,1.36,4,5.2,30.4,2.08,
7985463,75,2,-1.68791911252008,2,3.2,0.268719638579442,0.0,48.2,0.393318108064085,4,0.68,45.2703648,2.4,64,0.0,130.0,2.04,0.4,0.2848,6.6,0.12,13,9,0.48,1.716,1.36,5,5.0,29.76,1.92,
9182473,78,2,-1.71008757093447,2,0.32,0.275682924715776,0.01669,48.8,0.27715448054107,5,0.68,27.9238648,0.4,67,0.0,123.8,2.04,0.625,0.304,6.4,0.25,4,9,0.125,1.74,1.36,4,3.2,30.24,2.08,
5891230,80,2,-1.72075422512404,2,3.52,0.268719638579442,0.0078469999999999,49.2,0.353268177303506,5,0.68,46.0487648,2.4,69,0.0,129.4,2.04,0.384615384615385,0.3136,6.4,0.153846153846154,14,9,0.461538461538462,1.752,1.36,4,5.2,30.56,2.08,
4960875,76,2,-1.65642063920588,2,7.68,0.283191991556316,0.0,48.4,0.439567378763199,4,0.68,63.1834248,2.4,65,0.358974358974359,130.6,2.04,0.256410256410256,0.2848,6.6,0.0769230769230769,27,9,0.307692307692308,1.684,1.36,5,7.8,29.92,1.92,
1804532,72,2,-1.66251058529798,2,2.88,0.262760287619724,0.0,47.0,0.366119213900118,9,0.68,35.3827648,2.4,61,0.0,126.0,2.04,0.416666666666667,0.28,5.6,0.0833333333333333,12,9,0.5,1.69,1.36,0,4.8,28.8,2.72,
3250478,78,3,-2.05771056603701,1,1.28,0.202578196402434,0.0,64.4,0.570417368686181,2,0.26,48.3255,2.0,28,0.0,117.4,2.16,0.363636363636364,0.08,5.2,0.181818181818182,6,6,0.454545454545454,2.06,1.9,4,4.4,11.52,0.64,
2081546,78,1,-2.10269714952129,1,2.72,0.178885438199983,0.0,68.0,0.541036774690033,2,0.38,51.1037,3.2,19,0.0,112.6,2.28,0.285714285714286,0.1376,4.0,0.142857142857143,9,5,0.571428571428572,2.108,1.9,3,5.6,7.2,0.8,
9546732,78,3,-2.07286901348452,1,2.24,0.185701388442046,0.0570819999999999,66.8,0.635704506188481,1,0.3,50.3695,2.8,22,0.0,114.2,2.2,0.307692307692308,0.0992000000000001,4.4,0.153846153846154,8,5,0.538461538461538,2.076,1.9,4,5.2,8.64,0.48,
9180765,78,3,-2.13190372465337,2,8.0,0.189097130479147,0.0,64.8,0.705593225748357,2,0.46,83.4775,1.6,27,0.56,120.6,2.36,0.2,0.176,5.2,0.08,20,6,0.16,2.14,1.9,4,10.0,11.04,0.64,
8512390,78,1,-1.95891744602762,2,3.2,0.158331148245701,0.0574709999999999,68.8,0.528762225219544,3,0.14,33.41886,3.2,17,0.0,105.4,2.04,0.333333333333333,0.0640000000000001,3.6,0.133333333333333,10,5,0.533333333333333,1.96,1.9,2,6.0,6.24,1.28,
4693502,78,3,-1.95480853942957,2,1.76,0.192483463542617,0.0,65.6,0.604215235099434,1,0.14,49.1415,2.0,25,0.0,114.6,2.04,0.416666666666667,0.0672,4.8,0.166666666666667,7,5,0.416666666666667,1.956,1.9,4,4.8,10.08,0.32,
5831672,80,3,-2.07054551519587,1,3.04,0.23160277792655,0.0,64.8,2.00866617599105,2,0.2,66.4504,4.0,30,0.0,123.0,2.16,0.25,0.0704,5.2,0.125,14,6,0.625,2.072,1.96,4,6.4,11.84,0.64,
7483150,80,1,-2.11581270204653,1,3.68,0.224103641018935,0.0,68.4,1.17855996354116,2,0.32,69.2286,5.2,21,0.0,118.2,2.28,0.210526315789474,0.128,4.0,0.105263157894737,14,5,0.684210526315789,2.12,1.96,3,7.6,7.52,0.8,
6807539,80,3,-2.08579851330834,1,3.36,0.225986928334126,0.057541,67.2,2.19583091393448,1,0.24,68.4944,4.8,24,0.0,119.8,2.2,0.222222222222222,0.0896,4.4,0.111111111111111,14,5,0.666666666666667,2.088,1.96,4,7.2,8.96,0.48,
2498173,80,3,-2.14520145290007,2,7.2,0.227010205999232,0.0,65.2,4.05997813520721,2,0.4,101.6024,3.6,29,0.466666666666667,126.2,2.36,0.166666666666667,0.1664,5.2,0.0666666666666666,20,6,0.3,2.152,1.96,4,12.0,11.36,0.64,
5814072,73,3,-1.72049631113082,2,7.68,0.224959401996074,0.0,62.6,0.52699042429335,2,0.54,82.09985972,1.2,25,0.595744680851064,125.8,2.04,0.212765957446809,0.2416,5.8,0.0638297872340425,19,7,0.127659574468085,1.738,1.5,5,9.4,11.68,0.96,
4352098,84,3,-1.82801548087466,2,7.04,0.21943403815018,0.0,64.8,0.474026736087809,4,0.68,91.687872,3.2,36,0.474576271186441,125.4,2.18,0.169491525423729,0.2816,5.4,0.0847457627118644,19,7,0.271186440677966,1.852,1.5,3,11.8,13.44,1.28,
4306815,81,3,-1.8525065610352,2,9.12,0.268231694971903,0.0,64.2,1.03338363304729,3,0.83,118.143552,3.2,33,0.583333333333333,130.8,2.33,0.138888888888889,0.3056,5.6,0.0555555555555555,28,7,0.222222222222222,1.882,1.5,4,14.4,12.96,1.12,
6025847,83,3,-1.82968949053165,2,7.36,0.230129272900225,0.0,64.6,0.322589688283418,4,0.69,82.8983044,1.2,35,0.571428571428571,123.0,2.19,0.204081632653061,0.2832,5.4,0.102040816326531,19,7,0.122448979591837,1.854,1.5,3,9.8,13.28,1.28,
6083594,88,3,-1.89065597613153,2,7.2,0.228970658178648,0.0,65.6,20460701.8057903,5,1.08,83.116552,1.2,40,0.56,122.6,2.58,0.2,0.3456,5.2,0.12,19,7,0.12,1.932,1.5,2,10.0,14.08,1.44,
5372069,72,3,-1.73726436531087,2,6.56,0.242402175575985,0.0,62.0,0.75660629387398,7,0.54,99.185752,3.2,24,0.5,130.4,2.04,0.178571428571428,0.2288,4.8,0.0357142857142857,19,7,0.285714285714286,1.754,1.5,0,11.2,11.2,1.92,
3514269,74,3,-1.76126329961972,2,6.72,0.220290212623661,0.0,62.8,0.566707928139579,2,0.54,90.648152,3.2,26,0.491228070175439,126.0,2.04,0.175438596491228,0.2224,5.8,0.0526315789473684,19,7,0.280701754385965,1.778,1.5,5,11.4,11.84,0.96,
3204167,79,3,-1.79857180950705,2,6.88,0.219920534778184,0.0,63.8,0.468844472683538,3,0.54,91.231552,3.2,31,0.482758620689655,125.6,2.04,0.172413793103448,0.2544,5.6,0.0689655172413793,19,7,0.275862068965517,1.818,1.5,4,11.6,12.64,1.12,
2869347,75,3,-1.75538576037695,2,6.72,0.239789643170869,0.0,63.0,0.833332178756017,2,0.54,99.667152,3.2,27,0.491228070175439,130.0,2.04,0.175438596491228,0.2176,5.8,0.0526315789473684,19,7,0.280701754385965,1.772,1.5,5,11.4,12.0,0.96,
1705239,78,3,-1.77844029891583,2,7.52,0.222425579695966,0.0,63.6,0.399204245660263,3,0.54,82.320652,1.2,30,0.583333333333333,123.8,2.04,0.208333333333333,0.2368,5.6,0.0833333333333333,19,7,0.125,1.796,1.5,4,9.6,12.48,1.12,
7160483,80,3,-1.78953330256533,2,6.88,0.239789643170869,0.0,64.0,0.694403321193282,3,0.54,100.445552,3.2,32,0.482758620689655,129.4,2.04,0.172413793103448,0.2464,5.6,0.0689655172413793,19,7,0.275862068965517,1.808,1.5,4,11.6,12.8,1.12,
9518642,76,3,-1.72262828336325,2,8.96,0.264913467479685,0.0,63.2,1.13989030917737,2,0.54,117.580212,3.2,28,0.591549295774648,130.6,2.04,0.140845070422535,0.24,5.8,0.0422535211267605,27,7,0.225352112676056,1.74,1.5,5,14.2,12.16,0.96,
1320567,72,3,-1.72896164648014,2,6.56,0.224167492537235,0.0,61.8,0.613157593055242,7,0.54,89.779552,3.2,24,0.5,126.0,2.04,0.178571428571428,0.2352,4.8,0.0357142857142857,19,7,0.285714285714286,1.746,1.5,0,11.2,11.04,1.92,
4063285,84,3,-2.00930010099392,2,3.2,0.1909393200764,0.0,66.8,1.06104402751222,2,0.28,58.50872,4.0,31,0.0,116.2,2.18,0.285714285714286,0.0896,4.6,0.142857142857143,15,5,0.571428571428571,2.012,1.9,3,7.0,11.04,0.64,
9583261,81,3,-2.03621996592661,2,7.36,0.263665594855305,0.0,66.2,9.27912785576585,1,0.43,84.9644,4.0,28,0.291666666666667,121.6,2.33,0.208333333333333,0.1152,4.8,0.0833333333333333,28,5,0.416666666666667,2.042,1.9,4,9.6,10.56,0.32,
3061874,83,3,-2.0111401224861,2,1.6,0.198506822748453,0.0,66.6,0.6520694800536,2,0.29,49.7191524,2.0,30,0.0,113.8,2.19,0.4,0.0911999999999999,4.6,0.2,7,5,0.4,2.014,1.9,3,5.0,10.88,0.64,
8643509,88,3,-2.07815266529809,2,1.76,0.197513870931583,0.0085859999999999,67.6,17443613.2466272,3,0.68,49.9374,2.0,35,0.0,113.4,2.58,0.384615384615385,0.1952,4.4,0.230769230769231,7,5,0.384615384615385,2.092,1.9,2,5.2,11.68,0.96,
9267581,79,3,-1.97693649550395,2,3.04,0.191113474478257,0.0,65.8,0.855404221223361,1,0.14,58.0524,4.0,26,0.0,116.4,2.04,0.294117647058823,0.0623999999999999,4.8,0.117647058823529,14,5,0.588235294117647,1.978,1.9,4,6.8,10.24,0.32,
6315928,80,3,-1.96700163822248,2,3.04,0.228085323342676,0.0,66.0,2.04263359717002,1,0.14,67.2664,4.0,27,0.0,120.2,2.04,0.294117647058823,0.0576,4.8,0.117647058823529,14,5,0.588235294117647,1.968,1.9,4,6.8,10.4,0.32,
3741296,73,3,-1.73870350863117,2,0.48,0.218749796067152,0.0,60.6,0.357111979803265,3,0.5,28.86750772,0.8,30,0.0,121.8,2.04,0.588235294117647,0.2288,6.2,0.176470588235294,4,8,0.235294117647059,1.754,1.54,5,3.4,14.08,1.44,
4328571,84,3,-1.84736050281901,2,3.68,0.209995949191285,0.0,62.8,0.319255351967337,5,0.64,38.45552,2.8,41,0.0,121.4,2.18,0.344827586206897,0.2624,5.8,0.172413793103448,15,8,0.482758620689655,1.868,1.54,3,5.8,15.84,1.76,
4935860,81,3,-1.87211076048001,2,7.84,0.266295389153379,0.0,62.2,0.535252489872349,4,0.79,64.9112,2.8,38,0.333333333333333,126.8,2.33,0.238095238095238,0.2864,6.0,0.0952380952380952,28,8,0.333333333333333,1.898,1.54,4,8.4,15.36,1.6,
5062718,83,3,-1.84905222772725,2,0.64,0.219777902585687,0.0,62.6,0.225744137767845,5,0.65,29.6659524,0.8,40,0.0,119.0,2.19,0.526315789473684,0.264,5.8,0.263157894736842,5,8,0.210526315789474,1.87,1.54,3,3.8,15.68,1.76,
6135948,88,3,-1.91066389276578,2,0.8,0.218667330678684,0.0,63.6,15728082.658917,6,1.04,29.8842,0.8,45,0.0,118.6,2.58,0.5,0.3264,5.6,0.3,6,8,0.2,1.948,1.54,2,4.0,16.48,1.92,
1340285,72,3,-1.75564901118596,2,2.72,0.238398392326702,0.0,60.0,0.452961319271924,8,0.5,45.9534,2.8,29,0.0,126.4,2.04,0.384615384615385,0.216,5.2,0.0769230769230769,12,8,0.538461538461538,1.77,1.54,0,5.2,13.6,2.24,
9731406,74,3,-1.77990191484885,2,3.04,0.213107641729921,0.0,60.8,0.366028970809429,3,0.5,37.4158,2.8,31,0.0,122.0,2.04,0.37037037037037,0.2032,6.2,0.111111111111111,13,8,0.518518518518518,1.794,1.54,5,5.4,14.24,1.44,
9084235,79,3,-1.81760524302411,2,3.36,0.210390650027185,0.0,61.8,0.31941582248701,4,0.5,37.9992,2.8,36,0.0,121.6,2.04,0.357142857142857,0.2352,6.0,0.142857142857143,14,8,0.5,1.834,1.54,4,5.6,15.04,1.6,
4309715,75,3,-1.77396217639233,2,3.04,0.235519909704064,0.0,61.0,0.479389737186742,3,0.5,46.4348,2.8,32,0.0,126.0,2.04,0.37037037037037,0.2016,6.2,0.111111111111111,13,8,0.518518518518518,1.788,1.54,5,5.4,14.4,1.44,
2568307,78,3,-1.79726069019215,2,0.48,0.212563245345417,0.0,61.6,0.287086331089531,4,0.5,29.0883,0.8,35,0.0,119.8,2.04,0.555555555555556,0.2176,6.0,0.222222222222222,4,8,0.222222222222222,1.812,1.54,4,3.6,14.88,1.6,
1098653,80,3,-1.80847108584477,2,3.36,0.235519909704064,0.0,62.0,0.418403983504171,4,0.5,47.2132,2.8,37,0.0,125.4,2.04,0.357142857142857,0.2272,6.0,0.142857142857143,14,8,0.5,1.824,1.54,4,5.6,15.2,1.6,
2643098,76,3,-1.74085804251587,2,7.52,0.262753528539836,0.0,61.2,0.576831181484267,3,0.5,64.34786,2.8,33,0.341463414634146,126.6,2.04,0.24390243902439,0.2272,6.2,0.073170731707317,27,8,0.341463414634146,1.756,1.54,5,8.2,14.56,1.44,
6594182,72,3,-1.74725842861466,2,2.72,0.217817456702727,0.0,59.8,0.400145099393166,8,0.5,36.5472,2.8,29,0.0,122.0,2.04,0.384615384615385,0.2224,5.2,0.0769230769230769,12,8,0.538461538461538,1.762,1.54,0,5.2,13.44,2.24,
5714096,76,3,-1.99313433360211,1,7.2,0.260995184744858,0.0,64.0,12.1308448063733,1,0.54,83.58506,4.0,26,0.311111111111111,124.2,2.16,0.177777777777778,0.1536,5.4,0.0666666666666666,27,6,0.444444444444444,2.004,1.62,5,9.0,11.2,0.48,
4857263,76,1,-2.03670912277504,1,6.72,0.258645214868096,0.0,67.6,2.96830206174927,2,0.66,86.36326,5.2,17,0.274509803921569,119.4,2.28,0.156862745098039,0.1824,4.2,0.0588235294117647,27,5,0.509803921568628,2.052,1.62,3,10.2,6.88,0.96,
5738926,76,3,-2.00781707011054,1,6.88,0.25904940591323,0.0,66.4,19.1619475048104,1,0.58,85.62906,4.8,20,0.285714285714286,121.0,2.2,0.163265306122449,0.16,4.6,0.0612244897959183,27,5,0.489795918367347,2.02,1.62,4,9.8,8.32,0.48,
7190582,76,3,-2.06499912070939,2,9.28,0.259334182314429,0.0,64.4,4.08316865003867,1,0.74,118.73706,3.6,25,0.575342465753425,127.4,2.36,0.136986301369863,0.2208,5.4,0.0410958904109589,27,6,0.246575342465753,2.084,1.62,5,14.6,10.72,0.48,
2317805,76,1,-1.8854638477918,2,6.72,0.259094811964668,0.0,67.2,16.0958897272695,2,0.42,68.774338,4.8,18,0.274509803921569,113.0,2.04,0.196078431372549,0.1184,4.2,0.0588235294117647,27,5,0.470588235294118,1.892,1.62,3,10.2,7.36,0.96,
1069425,76,2,-1.79390031073182,1,7.2,0.258469753691621,0.0,63.6,13.2011328535691,1,0.42,65.9995,4.0,27,0.311111111111111,118.2,2.04,0.177777777777778,0.1888,5.4,0.0666666666666666,27,6,0.444444444444444,1.804,1.62,5,9.0,11.68,0.48,
9576032,76,1,-1.86524337345589,2,6.88,0.259094811964668,0.0,66.0,8.1265148781963,1,0.42,67.53906,4.4,21,0.285714285714286,115.4,2.04,0.204081632653061,0.1344,4.6,0.0612244897959183,27,5,0.448979591836735,1.872,1.62,4,9.8,8.8,0.48,
7369148,76,1,-1.8974415949515,2,6.56,0.258843582110896,0.0,68.4,5.98114235849709,3,0.42,68.67842,5.2,15,0.264150943396226,112.2,2.04,0.188679245283019,0.1136,3.8,0.0566037735849056,27,5,0.490566037735849,1.904,1.62,2,10.6,5.92,1.44,
5178439,76,3,-1.89346163637554,2,7.04,0.259672410290298,0.0,65.2,27.7726729378627,0,0.42,84.40106,4.0,23,0.297872340425532,121.4,2.04,0.212765957446809,0.112,5.0,0.0638297872340425,27,5,0.425531914893617,1.9,1.62,5,9.4,9.76,0.0,
5123968,76,3,-1.78086136275884,2,7.36,0.25904940591323,0.0,62.4,1.50964060536611,2,0.42,65.57766,3.2,30,0.325581395348837,123.8,2.04,0.232558139534884,0.1984,5.8,0.0697674418604651,27,7,0.372093023255814,1.792,1.62,5,8.6,13.12,0.96,
1302765,84,3,-1.88981115186314,2,3.52,0.184561293402918,0.0,64.0,0.510545842433583,4,0.55,39.68532,3.2,38,0.0,118.6,2.18,0.32258064516129,0.2192,5.4,0.161290322580645,15,7,0.516129032258065,1.904,1.63,3,6.2,14.4,1.28,
3296450,81,3,-1.91513014773204,2,7.68,0.263192564548187,0.0,63.4,1.35812416529958,3,0.7,66.141,3.2,35,0.318181818181818,124.0,2.33,0.227272727272727,0.2432,5.6,0.0909090909090909,28,7,0.363636363636364,1.934,1.63,4,8.8,13.92,1.12,
9381746,83,3,-1.89154175105729,2,0.96,0.191249486918778,0.0,63.8,0.333856117899592,4,0.56,30.8957524,1.2,37,0.0,116.2,2.19,0.476190476190476,0.2208,5.4,0.238095238095238,5,7,0.285714285714286,1.906,1.63,3,4.2,14.24,1.28,
5683192,88,3,-1.95456919561779,2,1.12,0.190303673560118,0.0,64.8,16577077.3464955,5,0.95,31.114,1.2,42,0.0,115.8,2.58,0.454545454545454,0.2832,5.2,0.272727272727273,6,7,0.272727272727273,1.984,1.63,2,4.4,15.04,1.44,
2158347,72,3,-1.7959922143154,2,2.56,0.229617304492512,0.0,61.2,0.853738948997841,7,0.41,47.1832,3.2,26,0.0,123.6,2.04,0.357142857142857,0.1872,4.8,0.0714285714285714,12,7,0.571428571428572,1.806,1.63,0,5.6,12.16,1.92,
3015264,74,3,-1.82080242744773,2,2.88,0.194942090256101,0.0,62.0,0.596918157166706,2,0.41,38.6456,3.2,28,0.0,119.2,2.04,0.344827586206897,0.168,5.8,0.103448275862069,13,7,0.551724137931034,1.83,1.63,5,5.8,12.8,0.96,
6530821,79,3,-1.85937214350436,2,3.2,0.184648700679445,0.0,63.0,0.485473849797417,3,0.41,39.229,3.2,33,0.0,118.8,2.04,0.333333333333333,0.192,5.6,0.133333333333333,14,7,0.533333333333333,1.87,1.63,4,6.0,13.6,1.12,
8521307,75,3,-1.81472619925234,2,2.88,0.225986928334126,0.0,62.2,0.963523172757724,2,0.41,47.6646,3.2,29,0.0,123.2,2.04,0.344827586206897,0.1728,5.8,0.103448275862069,13,7,0.551724137931034,1.824,1.63,5,5.8,12.96,0.96,
9461730,78,3,-1.83856009151839,2,0.8,0.185701388442046,0.0,62.8,0.40357554309747,3,0.41,30.3181,1.2,32,0.0,117.0,2.04,0.5,0.1744,5.6,0.2,5,7,0.3,1.848,1.63,4,4.0,13.44,1.12,
6543129,80,3,-1.8500280917754,2,3.2,0.225986928334126,0.0,63.2,0.782734066204164,3,0.41,48.443,3.2,34,0.0,122.6,2.04,0.333333333333333,0.184,5.6,0.133333333333333,14,7,0.533333333333333,1.86,1.63,4,6.0,13.76,1.12,
7130825,72,3,-1.78740882385659,2,2.56,0.202199855056514,0.0,61.0,0.652091902702618,7,0.41,37.777,3.2,26,0.0,119.2,2.04,0.357142857142857,0.1936,4.8,0.0714285714285714,12,7,0.571428571428572,1.798,1.63,0,5.6,12.0,1.92,
6091584,73,2,-1.58402187368236,2,0.0,0.302273053096464,0.0,48.2,0.366533090124447,4,0.82,45.28304772,0.4,61,0.0,133.8,2.04,0.666666666666667,0.3312,6.6,0.2,3,9,0.133333333333333,1.626,1.22,5,3.0,28.96,1.92,
5894621,84,2,-1.68301233103619,2,3.84,0.318672975713327,0.0,50.4,0.30258591654397,6,0.96,54.87106,2.4,72,0.0,133.4,2.18,0.37037037037037,0.416,6.2,0.185185185185185,15,9,0.444444444444444,1.74,1.22,3,5.4,30.72,2.24,
3578406,81,2,-1.70556071224073,2,8.0,0.309338157101142,0.005228,49.8,0.4131945036771,5,1.11,81.32674,2.4,69,0.35,138.8,2.33,0.25,0.44,6.4,0.1,28,9,0.3,1.77,1.22,4,8.0,30.24,2.08,
9317528,83,2,-1.68455355370331,2,0.64,0.3349241144117,0.0,50.2,0.22161479410212,6,0.97,46.0814924,0.4,71,0.0,131.0,2.19,0.588235294117647,0.4176,6.2,0.294117647058823,5,9,0.117647058823529,1.742,1.22,3,3.4,30.56,2.24,
5762910,88,2,-1.74068401218031,2,0.96,0.333483220730307,0.0,51.2,15229912.2224041,7,1.36,46.29974,0.4,76,0.0,130.6,2.58,0.555555555555556,0.48,6.0,0.333333333333333,6,9,0.111111111111111,1.82,1.22,2,3.6,31.36,2.4,
3280951,72,2,-1.59945984029028,2,2.88,0.302228149649038,0.0,47.6,0.399360031353119,9,0.82,62.36894,2.4,60,0.0,138.4,2.04,0.416666666666667,0.3376,5.6,0.0833333333333333,12,9,0.5,1.642,1.22,0,4.8,28.48,2.72,
2045968,74,2,-1.62155511398796,2,3.2,0.304617729274255,0.0,48.4,0.351679630623515,4,0.82,53.83134,2.4,62,0.0,134.0,2.04,0.4,0.3568,6.6,0.12,13,9,0.48,1.666,1.22,5,5.0,29.12,1.92,
8317509,79,2,-1.65590421160223,2,3.52,0.319731337741697,0.0132789999999999,49.4,0.301185407882744,5,0.82,54.41474,2.4,67,0.0,133.6,2.04,0.384615384615385,0.3888,6.4,0.153846153846154,14,9,0.461538461538462,1.706,1.22,4,5.2,29.92,2.08,
5469827,75,2,-1.61614379711169,2,3.2,0.301851901522851,0.0,48.6,0.405257290814673,4,0.82,62.85034,2.4,63,0.0,138.0,2.04,0.4,0.352,6.6,0.12,13,9,0.48,1.66,1.22,5,5.0,29.28,1.92,
6748193,78,1,-1.63736958707532,2,0.32,0.32428517299299,0.0141239999999999,49.2,0.292578279569224,5,0.82,45.50384,0.4,66,0.0,131.8,2.04,0.625,0.3712,6.4,0.25,4,9,0.125,1.684,1.22,4,3.2,29.76,2.08,
4807153,80,2,-1.64758266356491,2,3.52,0.301851901522851,0.0078469999999999,49.6,0.36265632648792,5,0.82,63.62874,2.4,68,0.0,137.4,2.04,0.384615384615385,0.3808,6.4,0.153846153846154,14,9,0.461538461538462,1.696,1.22,4,5.2,30.08,2.08,
9501276,76,2,-1.58598473209037,2,7.68,0.30816399964714,0.0,48.8,0.450254909028039,4,0.82,80.7634,2.4,64,0.358974358974359,138.6,2.04,0.256410256410256,0.3296,6.6,0.0769230769230769,27,9,0.307692307692308,1.628,1.22,5,7.8,29.44,1.92,
7254913,72,2,-1.59181571565379,2,2.88,0.30251785287486,0.0,47.4,0.387886968573457,9,0.82,52.96274,2.4,60,0.0,134.0,2.04,0.416666666666667,0.3312,5.6,0.0833333333333333,12,9,0.5,1.634,1.22,0,4.8,28.32,2.72,
7918026,72,3,-2.00046223109303,1,2.4,0.211706612085769,0.0,62.6,1.17862190126283,6,0.51,55.7844,4.0,22,0.0,119.6,2.16,0.266666666666667,0.144,4.4,0.0666666666666666,12,6,0.666666666666667,2.01,1.65,0,6.0,10.08,1.76,
3645207,72,1,-2.04419722601972,1,3.36,0.198687728150178,0.068101,66.2,0.858151618179169,5,0.63,58.5626,5.2,13,0.0,114.8,2.28,0.222222222222222,0.1776,3.2,0.0555555555555555,12,5,0.722222222222222,2.058,1.65,0,7.2,5.76,1.44,
2941375,72,3,-2.01519894970704,1,3.04,0.202199855056514,0.0,65.0,1.18612157853535,5,0.55,57.8284,4.8,16,0.0,116.4,2.2,0.235294117647059,0.1504,3.6,0.0588235294117647,12,5,0.705882352941177,2.026,1.65,0,6.8,7.2,1.44,
2645180,72,3,-2.07259123410601,2,6.88,0.204023067472066,0.0,63.0,1.62902283452229,6,0.71,90.9364,3.6,21,0.482758620689655,122.8,2.36,0.172413793103448,0.216,4.4,0.0344827586206896,20,6,0.310344827586207,2.09,1.65,0,11.6,9.6,1.76,
8597263,72,1,-1.89239588722664,2,3.36,0.188094099929128,0.0182279999999999,65.8,0.998403755420599,5,0.39,40.973678,4.8,14,0.0,108.4,2.04,0.277777777777778,0.1136,3.2,0.0555555555555555,12,5,0.666666666666667,1.898,1.65,0,7.2,6.24,1.44,
4932856,72,2,-1.80049571043186,1,2.4,0.195372290231044,0.0,62.2,1.00827634430334,6,0.39,38.19884,4.0,23,0.0,113.6,2.04,0.266666666666667,0.184,4.4,0.0666666666666666,12,6,0.666666666666667,1.81,1.65,0,6.0,10.56,1.76,
2739650,72,3,-1.87210107090552,2,3.04,0.188094099929128,0.072324,64.6,1.12257282052224,5,0.39,39.7384,4.4,17,0.0,110.8,2.04,0.294117647058823,0.1296,3.6,0.0588235294117647,12,5,0.647058823529412,1.878,1.65,0,6.8,7.68,1.44,
4165972,72,1,-1.90441767140977,2,3.68,0.189422220511447,0.0,67.0,0.914778371731651,5,0.39,40.87776,5.2,11,0.0,107.6,2.04,0.263157894736842,0.104,2.8,0.0526315789473684,12,5,0.684210526315789,1.91,1.65,0,7.6,4.8,1.76,
6138297,72,3,-1.90042308023832,2,2.72,0.205887700005735,0.0,63.8,1.12358921419053,5,0.39,56.6004,4.0,19,0.0,116.8,2.04,0.3125,0.1072,4.0,0.0625,12,5,0.625,1.906,1.65,0,6.4,8.64,1.6,
9084715,73,3,-1.63967546627314,2,0.48,0.253730382469685,0.0,61.0,0.291335904669035,3,0.71,46.21030772,0.8,29,0.0,127.8,2.04,0.588235294117647,0.296,6.2,0.176470588235294,4,8,0.235294117647059,1.67,1.33,5,3.4,13.6,1.44,
2845369,84,3,-1.74214388985678,2,3.68,0.259209876971558,0.0,63.2,0.253670588220008,5,0.85,55.79832,2.8,40,0.0,127.4,2.18,0.344827586206897,0.3632,5.8,0.172413793103448,15,8,0.482758620689655,1.784,1.33,3,5.8,15.36,1.76,
5170386,81,3,-1.76548449397313,2,7.84,0.280519703259021,0.0,62.6,0.361130091483894,4,1.0,82.254,2.8,37,0.333333333333333,132.8,2.33,0.238095238095238,0.3872,6.0,0.0952380952380952,28,8,0.333333333333333,1.814,1.33,4,8.4,14.88,1.6,
2514308,83,3,-1.74373926239382,2,0.64,0.272831172793036,0.0,63.0,0.188887966449883,5,0.86,47.0087524,0.8,39,0.0,125.0,2.19,0.526315789473684,0.3648,5.8,0.263157894736842,5,8,0.210526315789474,1.786,1.33,3,3.8,15.2,1.76,
5267094,88,3,-1.80184182852912,2,0.8,0.271520914645437,0.0,64.0,16384124.0084095,6,1.25,47.227,0.8,44,0.0,124.6,2.58,0.5,0.4272,5.6,0.3,6,8,0.2,1.864,1.33,2,4.0,16.0,1.92,
6278590,72,3,-1.65565583593641,2,2.72,0.262954625331178,0.0,60.4,0.337605391331273,8,0.71,63.2962,2.8,28,0.0,132.4,2.04,0.384615384615385,0.2848,5.2,0.0769230769230769,12,8,0.538461538461538,1.686,1.33,0,5.2,13.12,2.24,
5187042,74,3,-1.67852741290426,2,3.04,0.252497249948616,0.0,61.2,0.288249899629647,3,0.71,54.7586,2.8,30,0.0,128.0,2.04,0.37037037037037,0.304,6.2,0.111111111111111,13,8,0.518518518518518,1.71,1.33,5,5.4,13.76,1.44,
3786905,79,3,-1.71408334403279,2,3.36,0.259993958960147,0.0,62.2,0.259125522767356,4,0.71,55.342,2.8,35,0.0,127.6,2.04,0.357142857142857,0.336,6.0,0.142857142857143,14,8,0.5,1.75,1.33,4,5.6,14.56,1.6,
6342708,75,3,-1.67292597288019,2,3.04,0.261365561965106,0.0,61.4,0.345149477499318,3,0.71,63.7776,2.8,31,0.0,132.0,2.04,0.37037037037037,0.2992,6.2,0.111111111111111,13,8,0.518518518518518,1.704,1.33,5,5.4,13.92,1.44,
8613947,78,3,-1.69489751736064,2,0.48,0.263570544455797,0.0,62.0,0.242996042127966,4,0.71,46.4311,0.8,34,0.0,125.8,2.04,0.555555555555556,0.3184,6.0,0.222222222222222,4,8,0.222222222222222,1.728,1.33,4,3.6,14.4,1.6,
3612974,80,3,-1.70546942374236,2,3.36,0.261365561965106,0.0,62.4,0.310420378767427,4,0.71,64.556,2.8,36,0.0,131.4,2.04,0.357142857142857,0.328,6.0,0.142857142857143,14,8,0.5,1.74,1.33,4,5.6,14.72,1.6,
1694783,76,3,-1.6417072884524,2,7.52,0.278121511168405,0.0,61.6,0.389809268703694,3,0.71,81.69066,2.8,32,0.341463414634146,132.6,2.04,0.24390243902439,0.2944,6.2,0.073170731707317,27,8,0.341463414634146,1.672,1.33,5,8.2,14.08,1.44,
6271834,72,3,-1.64774313988352,2,2.72,0.253441304432607,0.0,60.2,0.316578184671233,8,0.71,53.89,2.8,28,0.0,128.0,2.04,0.384615384615385,0.2896,5.2,0.0769230769230769,12,8,0.538461538461538,1.678,1.33,0,5.2,12.96,2.24,
