,ElementProperty|MagpieData mean MendeleevNumber,GlobalSymmetryFeatures|spacegroup_num,ValenceOrbital|avg f valence electrons,ElementProperty|MagpieData maximum MendeleevNumber,LatticeConstants|a,ElementProperty|MagpieData range NsValence,ElementProperty|MagpieData maximum NdValence,AtomicOrbitals|gap_AO,YangSolidSolution|Yang delta,ElementProperty|MagpieData mode NUnfilled,LatticeConstants|c,ElementProperty|MagpieData maximum NUnfilled,ValenceOrbital|frac s valence electrons,AtomicOrbitals|LUMO_element,ElementProperty|MagpieData range NUnfilled,ElementProperty|MagpieData mean Electronegativity,ElementProperty|MagpieData avg_dev AtomicWeight,ValenceOrbital|avg d valence electrons,ElementProperty|MagpieData maximum Electronegativity,ElementProperty|MagpieData mean NUnfilled,ElementProperty|MagpieData mean CovalentRadius,ElementProperty|MagpieData range Electronegativity,ElementProperty|MagpieData range MendeleevNumber,ElementProperty|MagpieData maximum NValence,ElementProperty|MagpieData minimum Electronegativity,ElementProperty|MagpieData avg_dev MendeleevNumber,ElementProperty|MagpieData range NdUnfilled,ElementProperty|MagpieData range CovalentRadius,ElementProperty|MagpieData avg_dev Electronegativity
AtomicOrbitals|HOMO_character,0.4169764677377047,0.5305170948855361,0.5093169089474896,0.530550465223335,0.530388527360009,0.5305517825247233,0.4808095948535875,0.5140109662009594,0.4062293521680824,0.22632869590095966,0.5304009873758478,0.26659471350234315,0.46300978628517225,0.022087640456077605,0.49150366950370555,0.4995285162449346,0.38973154475890925,0.32997796490090314,0.5063922488119593,0.4073305099258201,0.4652991361061081,0.41923072655666355,0.2227847855660957,0.4892336406674141,0.25384321960308454,0.40851488874960773,0.11722396751757028,0.13619482879741568,0.47326463645198974
AtomicOrbitals|HOMO_element,1.6625554317790343,1.7765183784708583,0.37792683227570534,1.7751555367968184,1.7739382027567283,1.635704877708155,1.546558624280643,1.7630004453686574,1.3014247931517826,1.5532865616587193,1.7760026831043267,1.3488576550422156,1.2277000028911969,0.061721816366610616,1.5052768477769947,1.583171693845051,0.9360545795939488,1.2415312623007997,1.4163890567994901,1.6864933408608818,1.5791118226427643,1.248270468876093,1.2009142621299373,0.6417288882601362,0.8799752064402228,1.6902662405312512,0.788674414072535,0.3317683115515153,1.4545031067383336
AtomicOrbitals|HOMO_energy,0.953391502318236,1.3984304984804445,0.8064487409599355,1.393008121037734,1.2914463123411433,0.9371958056229902,0.6789986963904618,0.9367100449543431,0.46335326053065395,0.35639000661086756,1.3898458610196056,0.12137585508256457,0.4064589751503042,0.01638081787568494,0.5257367619041898,0.6937070749778534,0.350541381140112,0.15308122274632002,0.6752956782050977,0.29955190057094155,0.5177499962447172,0.33936808528172974,0.7321276137115342,0.2618340529351075,0.15727898303306312,0.6827561183325788,0.07062697180882022,0.05419904976511286,0.4279701333038329
AtomicOrbitals|LUMO_character,0.07816830630532956,0.09898230241931487,0.090693301107508,0.09925199103807414,0.09913011017894836,0.09842777150112948,0.07150500668436435,0.07306101697331016,0.07131043928864704,0.029231324787955468,0.0991994409108424,0.03494866524646584,0.08071020216937605,0.003514083537916475,0.09236042367918633,0.09264116999451197,0.07237105977178065,0.053507496731675146,0.09115805530429738,0.06431091541321274,0.0840286789552777,0.07262767312196791,0.03482086839266378,0.0898990087933182,0.042666898507001894,0.07581786891024735,0.015867831327945007,0.015667317039455862,0.07915541426600768
AtomicOrbitals|LUMO_energy,0.8985773883137842,1.342764474051806,0.8526916999258157,1.3319108630203615,1.2613113706189576,0.9064320832861488,0.714346206623569,1.0919677428342773,0.492364137481437,0.43317181888896295,1.3378423172822547,0.12890687588763683,0.4287702390285293,0.16896637754581476,0.47149089148697815,0.6750852001143891,0.39623278237342024,0.15345725813067412,0.6264813837969357,0.32141311761575597,0.5075513840257961,0.27847196758896886,0.6703946286079804,0.30678882808461166,0.12018906382123805,0.6103067407691796,0.06684354016605955,0.04565766625649082,0.5034544756829451
BandCenter|band center,0.3675570035407538,1.0011139201616976,0.9610153316010952,0.8383044812294672,0.9869220839208211,0.952103631841096,0.9630706768062293,0.9823436428686793,0.6458039643565523,0.8575695232266499,0.9932432720237409,0.5834648824484773,0.6326243388168854,0.8957425036916767,0.42217415006293146,0.05589472690465796,0.7719572389564764,0.7379379969456157,0.6352756245188516,0.232044172016062,0.6916708666318787,0.26064003531092556,0.25788934749811077,0.5857480261955681,0.3093056186236645,0.3566237327279166,0.43159617490693697,0.2673770438284962,0.136577571353193
ElementProperty|MagpieData minimum MendeleevNumber,0.837779920856786,1.803799245123786,1.7547527202778035,1.803799245123786,1.7875858160013858,1.6461345795459852,0.7326158956285258,1.0125023743596784,1.287761085521202,0.13479217049248207,1.796249947654793,0.13713046764175363,1.3869816290940629,0.06607679742005532,1.3850176196415824,1.481382073294996,1.1951048924987455,0.47312817663164497,1.6499481409739136,0.6706063239675154,1.2359528801552353,1.266097398150925,0.2014609224993185,1.108790776860573,0.7752136046622307,0.7953342632095077,0.08349303596914552,0.1672285163810261,1.2720971695013314
ElementProperty|MagpieData mode MendeleevNumber,0.3911144269676686,1.859563335020233,1.8469503428992209,1.859563335020233,1.8429486759773572,1.859563335020233,0.8760623244762682,0.9490860842487173,1.3637837988403143,0.10367994721991029,1.8518274411934939,0.13215993379632607,1.472370370018332,0.069827340560314,1.2460344553920792,1.5658886201824127,1.234566372498094,0.44104103694633334,1.7331841054546642,0.5972609264462602,1.3053420337766684,1.4121909984258285,0.22714911010981179,1.1520479516412765,0.7483104563276914,0.26778329224001024,0.07340686703351137,0.1974945897775867,1.3652816604393554
ElementProperty|MagpieData maximum AtomicWeight,0.8470739758904529,1.019018476298196,0.24737638159922404,0.5169249468946671,1.008321950171411,0.8294564519127103,0.1477273409958976,1.0017336402900896,0.17238997588248445,0.8069150983369976,0.9197940295014553,0.33528882874974014,0.4195690784521337,0.529330157572304,0.7872212111759715,0.7280184565726442,0.08669329129855081,0.2368753850208335,0.3077857001473228,0.5989719092766841,0.289215193216212,0.44242361103084116,0.9248901314491379,0.025811626220665372,0.15345287014425987,0.8665211434575032,0.21881059855481041,0.05069647799046435,0.7290891408389593
ElementProperty|MagpieData range AtomicWeight,0.9122057561763818,1.0755347723518889,0.28225940965294904,0.5404857428030736,1.0655043986418595,0.8871856310287708,0.1858917799566312,1.0552155917472774,0.1850569791147806,0.8251147018179212,0.9813514561843619,0.3125552982541914,0.44120573560278764,0.5099451664245984,0.783413654744923,0.7661033233430625,0.09178006245062428,0.2348653872174204,0.34012243110698387,0.6473156755367602,0.3110769066407803,0.4354569726507873,0.9273669188350809,0.0272178183110746,0.1718351152820627,0.9171254025750243,0.2219678784369417,0.0595051247400969,0.7840014713312828
ElementProperty|MagpieData mean AtomicWeight,0.6981036192121246,1.9687488946746734,1.1098853762917125,1.7879733389748387,1.959140934504761,1.8640474276086088,0.7572413110926233,1.9677479533075428,0.4437849056982723,1.4354184061678132,1.605303639466478,0.669402037880536,0.3884040404661732,1.2849382453165124,1.6974782008886657,1.4300333298401133,0.07266619429877362,0.41168831066795925,1.0700700872352122,0.9156429887266265,0.335075247406397,1.0173146592344526,1.589534358694594,0.311251303569298,0.39791997863396894,1.4852391074483575,0.4817577783403159,0.2073117250058304,1.684867142636742
ElementProperty|MagpieData maximum CovalentRadius,0.5695867327151974,1.540599400384117,1.3049967100187605,1.5317322844511192,1.396809503450733,1.1302452304705837,0.9146211776758001,1.2283400661150288,0.4944922867941434,0.558648007529504,1.4365284382796137,0.1547520474039133,1.2127142280686911,0.26524588277647126,1.0663421447372223,1.010107283132041,0.12744653931565386,0.5030686736911419,1.3449096112127932,0.7060653615423752,0.4107183672732552,0.7363121660280982,0.44070647317782685,0.6971541851140951,0.20613080425895725,0.3878771057210793,0.13224255038147664,0.03441734353429339,0.8801884555973717
ElementProperty|MagpieData avg_dev CovalentRadius,0.5411829419276575,1.0336106872258106,0.8874874962377766,0.8766049267033198,0.9622816788768319,0.9996955943388325,0.5252910232379538,1.0105679375590184,0.18712572786909837,0.6589677635371578,0.901886766759523,0.3817537121469053,0.5012464735503719,0.8276215661686188,0.6295165005193631,0.7058738150964886,0.20890220756761485,0.19892999116099827,0.5976572568027559,0.39783111116906406,0.036739741825511374,0.5185243129676305,0.6728549168627768,0.3708451317132902,0.32757853122505004,0.5788263715386534,0.18698061998765167,0.20479637745443713,0.6226435110633034
ElementProperty|MagpieData mode Electronegativity,0.5478664740068785,1.1485763735416046,0.8607738124427106,1.1485763846988244,0.952535739853815,0.5512521593980887,0.5557205783076979,1.133463333411627,0.3127240341928928,0.3716398970686662,1.1051451604899356,0.06706630547499494,0.4826360881454985,0.2996148652363907,0.4591581703268733,0.34672659643974063,0.19225517419386476,0.1095985571339365,0.8951016122004962,0.2855139489894308,0.28334898013778215,0.14996252344802957,0.5400216123010169,0.4084105229876207,0.05475958878096501,0.38024514637758333,0.04108592572242349,0.1085561023816511,0.309036797676634
ElementProperty|MagpieData minimum NsValence,0.20482928779387638,0.2050798656789566,0.20397201448794566,0.2050798656789566,0.20507584606862325,0.003865542520361125,0.20173762532381745,0.20495756846907737,0.19846370928297302,0.1971673308152737,0.20493074000143502,0.17347318899873176,0.15280570852198672,0.20437406326431676,0.19722080970485784,0.19526962951314172,0.18568183573967892,0.1931991657414285,0.15735218467890189,0.20020576166938814,0.19972513798949762,0.1776181805478962,0.20466482424248886,0.20447909750112248,0.1561924780451374,0.20467857931648312,0.1621026041170798,0.16424545275679625,0.1969882667901438
ElementProperty|MagpieData mean NsValence,0.2044917076361957,0.2032884099083326,0.18738908309710509,0.20457921783149988,0.20457530921395073,0.004903285746974414,0.20406704067343992,0.20374515965181958,0.19868343536783442,0.19838670455278024,0.20443420734569037,0.15119457382525714,0.16882929715610318,0.20295271060781617,0.20395216461379775,0.1961217199516097,0.18567170321526957,0.19573933355811896,0.16669568127645765,0.2013017634475189,0.19996745188702383,0.17311668244777878,0.1950361397368382,0.19522164892425453,0.15061339646971414,0.20318604965990622,0.14255616117868058,0.16675162914518468,0.19612625103823725
ElementProperty|MagpieData avg_dev NsValence,0.2058357069329682,0.2062554174531214,0.2038492155634881,0.2062554174531214,0.20625165207784413,0.006451691717313142,0.20503430094285532,0.2062554174531214,0.19946281737962251,0.20403520755535282,0.2061157169983982,0.1948529176079952,0.1645587944689331,0.1883999481304177,0.20271088584625355,0.1977028609015235,0.18796565382980265,0.19741878755318773,0.16850091031586564,0.20501883656049422,0.20022547208622998,0.1871524473813768,0.20623645514484062,0.20118158324667532,0.17066507429024783,0.20529686071110329,0.15564838674892484,0.1932009551745689,0.19705140382840083
ElementProperty|MagpieData mode NsValence,0.20652170244495507,0.19993523461311796,0.20208617694864178,0.20663839416236002,0.20663577697794638,0.007526965245363516,0.19789149198581776,0.20040651196784726,0.2009280281603533,0.2038596468963638,0.2064949021458892,0.18433204700415506,0.1642380891305543,0.19503249511060256,0.20663967927442808,0.19787334574288856,0.18774253477169522,0.1949190232478018,0.13786961314709348,0.20516107983294773,0.20056516544850594,0.18254932937029175,0.20419129792207324,0.20295971913442518,0.17298776206352484,0.2045816246118857,0.15116378786714704,0.18315831887223094,0.19568674310535436
ElementProperty|MagpieData maximum NpValence,0.45171921681439053,0.46037263177407856,0.45823114636709994,0.012931514273486955,0.4603724358546983,0.4603722586877753,0.4299194743830544,0.44411130075001437,0.32880215674382934,0.46037263177407856,0.4599054826438138,0.46037263177407856,0.3614211346159138,0.4593590730648953,0.324356531814866,0.3759817492532882,0.4308267782074462,0.45869498625148386,0.07921121277884463,0.2765617725010257,0.36946940880340706,0.31735208165653056,0.3160719583672791,0.05506922019685803,0.39657169300901207,0.4547124970993782,0.45968746474851296,0.46037263177407856,0.3780566217398452
ElementProperty|MagpieData range NpValence,0.45155556506300865,0.46172704532056635,0.45273910183559346,0.013653304942042322,0.4617268803963575,0.46172704532056635,0.44337147759800805,0.424551786799638,0.3407938270140464,0.46172704532056635,0.4612626594850943,0.45348538678188005,0.3821932817987138,0.4600219688034366,0.417340932743693,0.37567759606349643,0.432339552959183,0.459497677297116,0.0766704316799778,0.32708029492727536,0.37228125277719315,0.3317786624984644,0.3384150947037057,0.06034128486520832,0.39191778372524366,0.453339308110749,0.46172704532056635,0.46172704532056635,0.384739131735441
ElementProperty|MagpieData mean NpValence,0.7920996871810276,0.8089209179496539,0.7815939375830322,0.017609909537293456,0.8089101911161142,0.8084621557353632,0.7337266643671764,0.7562154008676691,0.5161629000205965,0.8089209179496539,0.8077673543118398,0.808893265975915,0.485868989638541,0.799503761374353,0.30306047920691537,0.6014349717636248,0.7161299550896447,0.8024691186330739,0.16668336583604454,0.2774932939177391,0.6601732310467845,0.5262490565227149,0.6694164267177033,0.05678224406640622,0.6137837749439614,0.7903145712436792,0.8089209179496539,0.8088999982295396,0.6214112459276157
ElementProperty|MagpieData avg_dev NpValence,0.455517437562834,0.45237574117584134,0.4643209958867856,0.014032256061623947,0.467358172823482,0.4673583025353485,0.4625923381226089,0.43142476563984256,0.33740324434720553,0.4673583025353485,0.4668807826666074,0.46732588390088897,0.3804916607976712,0.4673583025353485,0.3443023375996389,0.38172615729314807,0.4371697398889807,0.4642290197022199,0.07977086799054489,0.27432765309340573,0.37238609531153766,0.3193937828523146,0.4216304473561076,0.047518171944226396,0.4214327491065138,0.456657163044395,0.4673583025353485,0.4673583025353485,0.38343583500273526
ElementProperty|MagpieData range NdValence,0.3692913008393782,0.395954143984599,0.3916837535791612,0.3456876122887196,0.39592790661865435,0.3935991541337207,0.00832551372220036,0.38923308924240846,0.27412319487281833,0.2502936170665484,0.3893946540699335,0.3096550950999039,0.2674786911198707,0.3502635379664555,0.38480237677908435,0.3835374238257607,0.1303525057890044,0.08894284534345206,0.2688245104717085,0.3685032891805664,0.2347968782742667,0.34478990209029486,0.2663114606105109,0.03268558191405284,0.1927945394160296,0.3522121177964831,0.19653594316950318,0.21487041898752712,0.3683417429480438
ElementProperty|MagpieData mean NdValence,0.9939034452496432,2.004698461302357,1.8489494328866989,1.996108073146648,1.9581043821529622,1.8894558679593363,0.3867066597050066,1.7531439289653274,0.6084448193997118,0.716183631050307,1.9837938297301017,0.19649057504687187,0.31048023267731073,1.237923972971759,0.8526358188460523,1.5946074556084748,0.4010366410085547,0.04220870488259502,1.5271683356690164,0.6636598757231972,0.4790833961302709,0.8037738890063367,0.7952820043912964,0.34161327398522356,0.3307845170551735,0.7907672038665503,0.05317492381577699,0.5789017535608745,1.252283739559085
ElementProperty|MagpieData avg_dev NdValence,0.7472459666928714,1.696500319456444,1.4752186523335336,1.6856772632112924,1.6468322485346134,1.4725535806727388,0.24937184069022517,1.4492689069149094,0.4976902436467066,0.44496497098666404,1.673147384067698,0.14914276643305902,0.313550338826842,1.027582074852637,0.8177691546629772,1.1999215530555896,0.33947002670557413,0.048135834629564875,0.9952081014305708,0.4408958792012409,0.37843870928120515,0.6525041321012885,0.5478275604242898,0.28026161146170897,0.3005530991847771,0.5658765341264448,0.044440891832295666,0.41335969542973183,0.9876899428164438
ElementProperty|MagpieData maximum NfValence,0.26491327024398803,0.26491330964754317,0.01207713277494673,0.26338133206054337,0.2649083322922141,0.2643227655774735,0.26445649563452495,0.261685911475479,0.23552793508876405,0.2466578875679242,0.26414899185152824,0.2649006445895366,0.17588414512366798,0.13899566668231753,0.26377400163316134,0.26307756068410604,0.1762596940693255,0.2617902048190721,0.24396173953619135,0.26433432093717874,0.25261969419608915,0.23733919360125255,0.2618516372710234,0.023148829160047835,0.24916236808254197,0.2630529023034585,0.2544671926147372,0.2525423164247378,0.26014929777243645
ElementProperty|MagpieData range NfValence,0.2674332407971673,0.2674376859277448,0.01113315323123377,0.26741825604927155,0.26743270958421766,0.2674376859277448,0.2646862113650107,0.2674376859277448,0.2386717368948057,0.2674376859277448,0.2666735023857839,0.2663390582961706,0.17390697032946767,0.11939932303178954,0.26739428912775065,0.26542658364804883,0.17851522092571998,0.26628287018454383,0.22293403224060718,0.2674376669060959,0.25671656027134765,0.24088125672029043,0.26735151129637547,0.023749147994285336,0.24488977280014504,0.26573154776354846,0.25531982374327145,0.2646010619222403,0.2632666141878608
ElementProperty|MagpieData mean NfValence,0.8164911940072039,0.8193730477396282,0.02297352929193641,0.8143935392598813,0.8201461046127462,0.8148045974072581,0.7852874841643132,0.8201543412688633,0.6177239641804223,0.7592724384013608,0.8092808654414835,0.7598462593371654,0.4059349791076339,0.19093198594161728,0.8074834960264902,0.8060725742895356,0.35695673010746526,0.7820743636767321,0.4895939825242411,0.8160973168174444,0.6986107409743335,0.726126513645086,0.8195446546298029,0.052784220715400426,0.6730442159126533,0.8126768052733102,0.7468644844362258,0.7739455680066871,0.7958575311313368
ElementProperty|MagpieData avg_dev NfValence,0.43403207286643214,0.43491064605936536,0.010227490611356813,0.43385480373164054,0.4347615265322157,0.4214184450482174,0.43030668793752164,0.4281640516297453,0.3398621993622717,0.4270467724707238,0.43152665727146566,0.37086021407623737,0.2415284682048546,0.07843326759890255,0.43486735842524704,0.42548624358165915,0.21180273234240193,0.3938844151563389,0.29059503593519914,0.43239465417554873,0.38581691455210076,0.3724656966313806,0.434910495895174,0.0348926835842891,0.3450649578794683,0.4327125111750759,0.39034151672207806,0.3717403403018219,0.42260528155991417
ElementProperty|MagpieData range NValence,1.8243182944592613,2.6963543280415276,0.14692296222571183,0.16921515705039708,2.6949143415835435,2.383778331259128,0.18052502598109776,2.3841582018299183,1.336724342754226,2.668537091441045,2.6415017793896673,2.545316907877034,1.055097260831718,0.90241428813012,2.6799954650846307,1.3548237671892167,0.3050928699780427,1.4605938321952388,0.25771990919846316,2.690163638600238,1.1806726996080492,1.0482913828602725,1.7212917209848093,0.05417141632568195,0.45037285230768964,1.7650385600517735,2.639642741066693,1.1773622908501014,1.5878188566731666
ElementProperty|MagpieData mean NValence,0.4523980085931171,1.8418129748468046,0.7471782269145785,0.8520013026043755,1.837529174336089,1.8282937654622808,1.129011730648118,1.7305073127988746,0.960560284412536,1.339318881681781,1.8318140014260629,0.7784592487130328,0.05659002060319166,1.2276907339900645,0.375189248892763,0.9198534100201797,0.3735720555592443,0.27520406167394496,1.0174371456545932,0.13032858484389725,0.8313582588303546,1.134865547993133,1.3944667667406896,0.7034997943078601,0.747750909631906,0.5317996192616252,0.5514559678576821,1.4057525193249834,1.1262163024012568
ElementProperty|MagpieData avg_dev NValence,0.7506576915973621,1.437343088710726,0.6075657820867163,0.9213508745738455,1.4358445957288557,1.4282790396489338,0.7440131281875025,1.359719143296081,0.9503128199203527,1.2500969530405384,1.4347918167072764,0.7187594933186158,0.10704567580793668,1.1141967854692578,0.38780601380710045,0.8973409235457677,0.3526798474073708,0.33715422473968326,0.9029408616328081,0.2042567147359183,1.039775167869224,0.8965043511958128,1.0423953097756544,0.438787674135355,0.7629597410718969,0.6647946486664212,0.5534200368932248,1.2740536362018509,0.9562552832955326
ElementProperty|MagpieData maximum NsUnfilled,0.20351347013450385,0.20156242683945094,0.20334673629545974,0.20380410004426697,0.2038001986998431,0.0033482307547544323,0.19855215706719082,0.20335703859085655,0.19729395609178876,0.20063496600970995,0.20365935958605833,0.17058917553763742,0.16376516123874219,0.20142978524673816,0.2016121572561984,0.19663141931414072,0.18493514285470317,0.1952424426055956,0.17352728224513264,0.2020340801310698,0.19858505452070932,0.18192232839200573,0.20096908038333156,0.20359772805870882,0.1662370722719179,0.2022408230718061,0.15317487014671702,0.17002058634369577,0.1955632909571556
ElementProperty|MagpieData range NsUnfilled,0.2066882998569696,0.20739082461778693,0.19669420610155047,0.20634225105989473,0.20738690563751058,0.005832374003792351,0.20233769460977435,0.2064937736216902,0.20038096186018955,0.2052700314851073,0.2072454285754615,0.1488600617199675,0.1666818010961625,0.1840348013563895,0.18613062238482023,0.1999803089622391,0.18841399468112963,0.20173470156229925,0.16876753319027304,0.2039824743601516,0.20231049955349703,0.18416765792269202,0.20072866469626072,0.20264645062694905,0.15420786016151605,0.20678563140109404,0.17381641167259052,0.1751626840569062,0.19745969349442394
ElementProperty|MagpieData mean NsUnfilled,0.20578989716171472,0.20592376028803097,0.18949365871347845,0.20592376028803097,0.2059197196201374,0.004495420779706475,0.20589768983572213,0.20565384617426918,0.1993785326327246,0.20497564790468287,0.20577385350350894,0.173002793738493,0.1628336287886354,0.1995246474462806,0.18757966864391679,0.19669774431168607,0.18642617333309042,0.19637452875871209,0.18170419368898238,0.20500940496245332,0.20053322594932044,0.18248033594216162,0.19715354372081553,0.20592356808039466,0.15207736422057275,0.20555742537061164,0.13730328845859685,0.1880898222069007,0.19571676897884543
ElementProperty|MagpieData avg_dev NsUnfilled,0.2075662742186212,0.20768567772356897,0.20685349862423863,0.20768567772356897,0.20768172129600407,0.004936636796061408,0.20764027589090278,0.19503636262144763,0.20175024649177684,0.20665042193765457,0.20753889318223412,0.19229325719231188,0.15792039295452934,0.20514042207796754,0.18934264534746,0.198953257074046,0.18854174222434614,0.20317732097944866,0.14646820596845622,0.20654341013244853,0.202689144110315,0.18685485182841832,0.20711409147953525,0.20768567772356897,0.15690896807655486,0.20709215513221005,0.15716701238985178,0.17677570960818745,0.19823982748409846
ElementProperty|MagpieData mean NpUnfilled,0.7695491452622844,0.7936801112898243,0.781973895752805,0.0163097771365246,0.7936704675900403,0.7936801112898243,0.672665429570014,0.7394255224480563,0.4981186457297424,0.7935048221884884,0.7925322558299549,0.7936801112898243,0.4566502353618887,0.7936801112898243,0.2850764012853715,0.593499688262163,0.7014963820457587,0.7930860255259122,0.1664235963187117,0.2397405699829173,0.6594717750139732,0.5727129499205421,0.6108102438748898,0.43043199141103056,0.5904040227740721,0.7814335878186266,0.7936801112898243,0.7934241573589945,0.6139823310366808
ElementProperty|MagpieData avg_dev NpUnfilled,0.2174324357628533,0.22416591242377706,0.22418690815002185,0.009177480596468099,0.2241860902350621,0.22418690815002185,0.20592600889716728,0.21883027083570283,0.16370865073163396,0.22418690815002185,0.2239368144782253,0.22414362280733696,0.19370062948277877,0.22418690815002185,0.1901032542016839,0.19700163968856552,0.2012047026859445,0.22415322881774194,0.05246475391540246,0.19145353515269284,0.16956169971454665,0.19413485539088127,0.15222928646074577,0.13639563218786818,0.18218706385940847,0.22141167427477734,0.22418690815002185,0.22418690815002185,0.20086987634341566
ElementProperty|MagpieData maximum NdUnfilled,0.6898033051112215,2.217943704736178,2.1720741541862587,2.2179767455126522,2.160574859138131,1.64685554793048,0.8495143861091664,1.8976836568780497,0.9142540398034343,0.2071726552304199,2.207376607966474,0.13245877087903887,1.0755567808734654,0.9520204716522026,0.9884658246348913,1.1119402053644845,0.5516733545488544,0.15928417009625742,1.3253971903505173,0.4809883542909382,0.4780060121469438,0.5047082449550858,0.4699580308513235,2.1529248848758034,0.19340799459374555,0.5401896416074708,0.04698399370310899,0.21744841022372885,0.8186715669854299
ElementProperty|MagpieData mean NdUnfilled,0.8288356965525466,2.059953705062424,1.9142292487523795,2.059953705062424,1.9161168390330208,1.8824912041060624,1.517738217331914,1.6091328911246185,0.6632199543557151,0.4201940626008431,2.0394675768302526,0.08997337623630736,0.7484809341081027,1.1243323089460318,0.7923397748233394,1.1838567778910853,0.6147937780653432,0.07527105840496195,1.4676658491305425,0.3788591892325924,0.541633882789288,0.5500360389857573,0.5569054003516362,2.053073890449851,0.24331408234511498,0.5967142229336435,0.070629256131982,0.2710546357717585,0.8677661311955496
ElementProperty|MagpieData avg_dev NdUnfilled,0.7779224861916952,2.0487766917441146,1.8737862746325384,2.0487332650092367,1.9066010305283654,1.8869183700091223,1.5757007950915791,1.6955839449483157,0.6684482485136574,0.2623901305866701,2.0282263709884547,0.09504507303331876,0.7391451139663606,1.20203965544261,0.8666553817189591,1.1671887570108828,0.6123242997110279,0.07567917183602473,1.2814545853260513,0.3752877004907681,0.5791177690034044,0.6073177501504184,0.7027741706667133,2.047378620091618,0.2406143824891397,0.61237276331288,0.06486025042717936,0.3324338238255222,0.8964314034686343
ElementProperty|MagpieData minimum NUnfilled,1.602660221776139,2.0671541032527627,2.0465886182662505,0.08887859159086674,2.067093496518273,2.0671541032527627,1.86516740975575,1.9247936586183814,1.574799672026688,1.9310925414673532,2.042799454014901,1.927680708231828,1.2970237883751174,2.0670722383458884,0.7025492154022405,1.4708780104689252,1.8538788305275928,1.9903804759046393,0.5881128649888666,0.7727846600311841,1.3354277333200963,1.604782751872258,1.9445199758035854,1.867238179024274,1.7483822009836845,1.9084788895438949,1.6730417908383575,2.06583677486378,1.5767960395129477
ElementProperty|MagpieData avg_dev NUnfilled,0.404306230965338,1.5384575996832413,1.5380088855069465,0.36174659432625395,1.53008135076224,1.5123432403885877,1.445472943696663,1.3262289264345521,0.8519106662247062,1.1994513908829985,1.5296617792577551,0.5174453327028495,0.27607196753017743,1.4664018530528296,0.2313514657257954,0.5535607841181831,1.3640283172257137,0.5569409665590414,0.9226425403718287,0.08662125012871641,1.029439350793196,0.5028199998469494,0.6335758555006751,1.4128718898881982,0.3821146135231789,0.3539553672089196,0.5235135672205998,1.1998398354491395,0.4880124638657557
ValenceOrbital|avg s valence electrons,0.20412530492050537,0.2048105876373793,0.16957565052137732,0.2048105876373793,0.20480660902828882,0.005028159198080299,0.20182025930085873,0.19589204292571705,0.20007112588200276,0.20083063178525173,0.20466298215751688,0.18261896340197556,0.16316602932716961,0.19898793722757868,0.20017784239341813,0.1959102542450037,0.18559425153044004,0.17871107269410788,0.1618177677571435,0.20045565740371274,0.1970894577011921,0.17593764321960567,0.20356251673241393,0.20481032748505237,0.1582932694333265,0.20320100574356884,0.17412015147183538,0.1638309481210802,0.19793482565668805
ValenceOrbital|avg p valence electrons,0.7893406296065674,0.8078557151878206,0.8075544385785928,0.017336594517354906,0.8078447252471549,0.8054954603744711,0.7800961155933068,0.6700708374023652,0.5128141074754445,0.8078557151878206,0.8067114562423005,0.8078557151878206,0.4896015961038582,0.8078557151878206,0.4042723767294091,0.6230513546659826,0.7157425870757244,0.8078028619060714,0.17881516297858951,0.2565691961955244,0.6638066429410604,0.5623989669501962,0.6104663471935954,0.4993090500844858,0.642345855660808,0.7869533774080562,0.8078557151878206,0.8077998272501119,0.6209066182063465
ValenceOrbital|frac p valence electrons,0.11406881089608978,0.33822063654141094,0.22624023472975832,0.1055238951905139,0.3382205730225156,0.3284658761825682,0.23879628726391833,0.31917260012996407,0.3028157932598756,0.2448713119459751,0.33822063654141094,0.16701328650048258,0.019560781323224603,0.2811731464554703,0.13779482564796466,0.21655287390477687,0.2552921379406916,0.07805479693564395,0.12473041373406415,0.03309521159628841,0.3157028581566177,0.17336434872525563,0.1910496610603438,0.12452109778754049,0.15396762098848002,0.11379988913273532,0.15279800813646596,0.30346599039589717,0.21351402262424207
ValenceOrbital|frac d valence electrons,0.4561850393638037,0.8223901478101805,0.50527739413066,0.3876862315056652,0.8213627128969753,0.7763535298398752,0.48220939232928806,0.7678866295663106,0.4171866737905822,0.6302554502218002,0.822386916074791,0.3643045741035961,0.04039775179849726,0.6058441367014775,0.4091473871188448,0.5926974007458977,0.266839448152997,0.08418473975879184,0.4386145233414853,0.10016111806849454,0.44765400941444317,0.33359294706725606,0.4683200862615965,0.3863395043800495,0.22310894630938027,0.25751765267751053,0.2528116891108503,0.5248077956078052,0.4311007350127502
ValenceOrbital|frac f valence electrons,1.2029217230070333,1.5762169552232395,0.10848458007534549,1.3503348714949173,1.5759391584364613,1.486947778565319,1.4841241176398756,1.506339873974195,1.0801481535543536,1.314467232976674,1.5505877620354274,1.0568850554124878,0.2669645799690919,0.5694067396546161,1.2179742144254924,1.3470779129729644,0.5560007540038093,0.7656675791426969,0.9243779804375155,0.6676975211902577,0.9011507219168908,1.2765289505385,1.363362936767249,0.4285806488406108,0.9161617022984826,1.3656297188533422,1.0570632608020074,1.149887617429569,1.4083598555711139
YangSolidSolution|Yang omega,0.08486233475427536,0.10114321056999472,0.08957893683374367,0.07155021732127609,0.10114321056999472,0.09768636994535096,0.07834987121287765,0.10034591057085239,0.0821933440327751,0.09372165433195236,0.10114239554800723,0.06036666178297076,0.06825531487265613,0.08390333272323065,0.07174953415924021,0.09673561218948218,0.10097603545981734,0.044881222214826946,0.06662792685331687,0.0645114190556078,0.0879078882163458,0.06646102145511153,0.06993507808222874,0.07740404263789809,0.05078541052441869,0.0761333382342278,0.06838799022987688,0.0710875485266789,0.09298148827090742
LatticeConstants|b,0.4467332734575908,0.4410838408362653,0.4517182577872186,0.4520725490548287,0.10576639327842126,0.4517936055071265,0.451591799569574,0.45212538463094326,0.4281446353170922,0.44968973694189984,0.4337923535177003,0.39398398570479,0.45096898311396866,0.4503744876306266,0.4494862417907035,0.44558097088233045,0.44827248316769697,0.4283477390605042,0.45081959021851836,0.4357140306352642,0.41657125258666566,0.4417806562005852,0.43632054005252763,0.4515921341175041,0.4051249392099584,0.43837421633875284,0.41529163263646507,0.3721983393868833,0.44093483321412447
GlobalSymmetryFeatures|crystal_system_int,0.5369318971987005,0.010277392491538919,0.5352001340891821,0.5369318971987005,0.5360136275238656,0.46585643735571947,0.5368004628674392,0.5369318971987005,0.5369318971987005,0.5299466218646648,0.31472467962395057,0.5369318971987005,0.5369318971987005,0.5315592905406402,0.5369109394694634,0.5369318971987005,0.5369318971987005,0.5369318971987005,0.5369312122228174,0.5369318971987005,0.5369318971987005,0.5369318971987005,0.5369318971987005,0.5369318971987005,0.5369318971987005,0.5369318971987005,0.5353512157943496,0.5369025824600239,0.5369318971987005
