id,AtomicOrbitals|HOMO_character,AtomicOrbitals|HOMO_element,AtomicOrbitals|HOMO_energy,AtomicOrbitals|LUMO_character,AtomicOrbitals|LUMO_element,AtomicOrbitals|LUMO_energy,AtomicOrbitals|gap_AO,BandCenter|band center,ElementProperty|MagpieData minimum MendeleevNumber,ElementProperty|MagpieData maximum MendeleevNumber,ElementProperty|MagpieData range MendeleevNumber,ElementProperty|MagpieData mean MendeleevNumber,ElementProperty|MagpieData avg_dev MendeleevNumber,ElementProperty|MagpieData mode MendeleevNumber,ElementProperty|MagpieData minimum AtomicWeight,ElementProperty|MagpieData maximum AtomicWeight,ElementProperty|MagpieData range AtomicWeight,ElementProperty|MagpieData mean AtomicWeight,ElementProperty|MagpieData avg_dev AtomicWeight,ElementProperty|MagpieData mode AtomicWeight,ElementProperty|MagpieData maximum CovalentRadius,ElementProperty|MagpieData range CovalentRadius,ElementProperty|MagpieData mean CovalentRadius,ElementProperty|MagpieData avg_dev CovalentRadius,ElementProperty|MagpieData minimum Electronegativity,ElementProperty|MagpieData maximum Electronegativity,ElementProperty|MagpieData range Electronegativity,ElementProperty|MagpieData mean Electronegativity,ElementProperty|MagpieData avg_dev Electronegativity,ElementProperty|MagpieData mode Electronegativity,ElementProperty|MagpieData minimum NsValence,ElementProperty|MagpieData range NsValence,ElementProperty|MagpieData mean NsValence,ElementProperty|MagpieData avg_dev NsValence,ElementProperty|MagpieData mode NsValence,ElementProperty|MagpieData maximum NpValence,ElementProperty|MagpieData range NpValence,ElementProperty|MagpieData mean NpValence,ElementProperty|MagpieData avg_dev NpValence,ElementProperty|MagpieData maximum NdValence,ElementProperty|MagpieData range NdValence,ElementProperty|MagpieData mean NdValence,ElementProperty|MagpieData avg_dev NdValence,ElementProperty|MagpieData maximum NfValence,ElementProperty|MagpieData range NfValence,ElementProperty|MagpieData mean NfValence,ElementProperty|MagpieData avg_dev NfValence,ElementProperty|MagpieData maximum NValence,ElementProperty|MagpieData range NValence,ElementProperty|MagpieData mean NValence,ElementProperty|MagpieData avg_dev NValence,ElementProperty|MagpieData maximum NsUnfilled,ElementProperty|MagpieData range NsUnfilled,ElementProperty|MagpieData mean NsUnfilled,ElementProperty|MagpieData avg_dev NsUnfilled,ElementProperty|MagpieData mean NpUnfilled,ElementProperty|MagpieData avg_dev NpUnfilled,ElementProperty|MagpieData maximum NdUnfilled,ElementProperty|MagpieData range NdUnfilled,ElementProperty|MagpieData mean NdUnfilled,ElementProperty|MagpieData avg_dev NdUnfilled,ElementProperty|MagpieData minimum NUnfilled,ElementProperty|MagpieData maximum NUnfilled,ElementProperty|MagpieData range NUnfilled,ElementProperty|MagpieData mean NUnfilled,ElementProperty|MagpieData avg_dev NUnfilled,ElementProperty|MagpieData mode NUnfilled,ValenceOrbital|avg s valence electrons,ValenceOrbital|avg p valence electrons,ValenceOrbital|avg d valence electrons,ValenceOrbital|avg f valence electrons,ValenceOrbital|frac s valence electrons,ValenceOrbital|frac p valence electrons,ValenceOrbital|frac d valence electrons,ValenceOrbital|frac f valence electrons,YangSolidSolution|Yang omega,YangSolidSolution|Yang delta
34072651,3,42,-0.153347,3,42,-0.153347,0.0,-1.99066757562781,50,73,23,63.4,10.72,50,10.811,95.96,85.149,48.10470772,38.284233824,10.811,154,70,119.4,28.32,1.61,2.16,0.55,2.002,0.1568,2.04,1,1,1.6,0.48,1,1,1,0.6,0.48,5,5,2.0,2.4,0,0,0.0,0.0,6,3,4.2,1.44,1,1,0.4,0.48,3.0,2.4,5,5,2.0,2.4,5,6,1,5.4,0.48,5,1.6,0.6,2.0,0.0,0.380952380952381,0.142857142857143,0.476190476190476,0.0,0.857647401287833,0.212789304679212
95063127,1,45,-0.154624,1,45,-0.154624,0.0,-2.03418843544091,59,73,14,67.0,6.4,59,10.811,102.9055,92.0945,50.88290772,41.618073824,10.811,142,58,114.6,24.48,1.61,2.28,0.67,2.05,0.184,2.04,1,1,1.6,0.48,1,1,1,0.6,0.48,8,8,3.2,3.84,0,0,0.0,0.0,9,6,5.4,2.88,1,1,0.4,0.48,3.0,2.4,2,2,0.8,0.96,3,5,2,4.2,0.96,3,1.6,0.6,3.2,0.0,0.296296296296296,0.111111111111111,0.592592592592593,0.0,0.675408211873564,0.200159611154652
62945318,3,44,-0.210375,3,44,-0.210375,0.0,-2.00533214037694,56,73,17,65.8,7.84,56,10.811,101.07,90.259,50.14870772,40.737033824,10.811,146,62,116.2,25.76,1.61,2.2,0.59,2.018,0.1632,2.04,1,1,1.6,0.48,1,1,1,0.6,0.48,7,7,2.8,3.36,0,0,0.0,0.0,8,5,5.0,2.4,1,1,0.4,0.48,3.0,2.4,3,3,1.2,1.44,4,5,1,4.6,0.48,4,1.6,0.6,2.8,0.0,0.32,0.12,0.56,0.0,0.861447518501113,0.203555222517664
60897513,3,74,-0.220603,3,74,-0.220603,0.0,-2.06244342089425,51,73,22,63.8,10.24,51,10.811,183.84,173.029,83.25670772,80.466633824,10.811,162,78,122.6,31.52,1.61,2.36,0.75,2.082,0.2224,2.04,2,0,2.0,0.0,2,1,1,0.6,0.48,4,4,1.6,1.92,14,14,5.6,6.72,20,17,9.8,8.16,0,0,0.0,0.0,3.0,2.4,6,6,2.4,2.88,5,6,1,5.4,0.48,5,2.0,0.6,1.6,5.6,0.204081632653061,0.0612244897959183,0.163265306122449,0.571428571428571,1.11512348926255,0.205321731788082
17042638,1,27,-0.204497,1,27,-0.204497,0.0,-1.88313034577772,58,73,15,66.6,6.88,58,10.811,58.933195,48.122195,33.29398572,20.511367424,10.811,126,42,108.2,19.36,1.61,2.04,0.43,1.89,0.12,1.88,2,0,2.0,0.0,2,1,1,0.6,0.48,7,7,2.8,3.36,0,0,0.0,0.0,9,6,5.4,2.88,0,0,0.0,0.0,3.0,2.4,3,3,1.2,1.44,3,5,2,4.2,0.96,3,2.0,0.6,2.8,0.0,0.37037037037037,0.111111111111111,0.518518518518518,0.0,0.749876200656029,0.190002022649909
87904612,2,5,-0.136603,2,5,-0.136603,0.0,-1.79168013027434,49,73,24,63.0,11.2,49,10.811,51.9961,41.1851,30.51914772,17.181561824,10.811,139,55,113.4,23.52,1.61,2.04,0.43,1.802,0.1904,1.66,1,1,1.6,0.48,1,1,1,0.6,0.48,5,5,2.0,2.4,0,0,0.0,0.0,6,3,4.2,1.44,1,1,0.4,0.48,3.0,2.4,5,5,2.0,2.4,5,6,1,5.4,0.48,5,1.6,0.6,2.0,0.0,0.380952380952381,0.142857142857143,0.476190476190476,0.0,0.760535662172526,0.196964612064823
78510264,1,13,-0.286883,1,13,-0.286883,0.0,-1.86293489685805,55,73,18,65.4,8.32,55,10.811,55.845,45.034,32.05870772,19.029033824,10.811,132,48,110.6,21.28,1.61,2.04,0.43,1.87,0.136,1.83,2,0,2.0,0.0,2,1,1,0.6,0.48,6,6,2.4,2.88,0,0,0.0,0.0,8,5,5.0,2.4,0,0,0.0,0.0,3.0,2.4,4,4,1.6,1.92,4,5,1,4.6,0.48,4,2.0,0.6,2.4,0.0,0.4,0.12,0.48,0.0,0.804970246528939,0.190002022649909
23045176,1,28,-0.210764,1,28,-0.210764,0.0,-1.89509326894747,61,73,12,67.8,5.44,61,10.811,58.6934,47.8824,33.19806772,20.396265824,10.811,124,40,107.4,18.72,1.61,2.04,0.43,1.902,0.1168,1.91,2,0,2.0,0.0,2,1,1,0.6,0.48,8,8,3.2,3.84,0,0,0.0,0.0,10,7,5.8,3.36,0,0,0.0,0.0,3.0,2.4,2,2,0.8,0.96,2,5,3,3.8,1.44,2,2.0,0.6,3.2,0.0,0.344827586206897,0.103448275862069,0.551724137931034,0.0,0.711473930430316,0.191265628968897
71453068,3,43,-0.270262,3,43,-0.270262,0.0,-1.89111823607792,53,73,20,64.6,9.28,53,10.811,98.0,87.189,48.92070772,39.263433824,10.811,147,63,116.6,26.08,1.61,2.04,0.43,1.898,0.1152,1.9,2,0,2.0,0.0,2,1,1,0.6,0.48,5,5,2.0,2.4,0,0,0.0,0.0,7,4,4.6,1.92,0,0,0.0,0.0,3.0,2.4,5,5,2.0,2.4,5,5,0,5.0,0.0,5,2.0,0.6,2.0,0.0,0.434782608695652,0.130434782608696,0.434782608695652,0.0,0.821419744826727,0.207130730050934
45628709,3,23,-0.204634,3,23,-0.204634,0.0,-1.77865731966268,46,73,27,61.8,12.64,46,10.811,50.9415,40.1305,30.09730772,16.675353824,10.811,153,69,119.0,28.0,1.61,2.04,0.43,1.79,0.2,1.63,2,0,2.0,0.0,2,1,1,0.6,0.48,3,3,1.2,1.44,0,0,0.0,0.0,5,2,3.8,0.96,0,0,0.0,0.0,3.0,2.4,7,7,2.8,3.36,5,7,2,5.8,0.96,5,2.0,0.6,1.2,0.0,0.526315789473684,0.157894736842105,0.315789473684211,0.0,0.547914574499593,0.203555222517664
43972106,2,33,-0.197497,2,33,-0.197497,0.0,-2.16131120243911,59,84,25,69.2,8.16,59,10.811,102.9055,92.0945,60.47092,39.727936,10.811,142,58,114.2,24.16,2.04,2.28,0.24,2.164,0.0991999999999999,2.04,1,1,1.6,0.48,1,3,3,1.0,0.8,10,10,5.2,4.16,0,0,0.0,0.0,15,12,7.8,3.84,1,1,0.4,0.48,2.6,2.08,2,2,0.8,0.96,3,5,2,3.8,0.96,3,1.6,1.0,5.2,0.0,0.205128205128205,0.128205128205128,0.666666666666667,0.0,0.878773636702086,0.178187175712809
54879302,2,33,-0.197497,2,33,-0.197497,0.0,-2.13065158767774,56,84,28,68.0,9.6,56,10.811,101.07,90.259,59.73672,39.140576,10.811,146,62,115.8,25.44,2.04,2.2,0.16,2.132,0.0736,2.04,1,1,1.6,0.48,1,3,3,1.0,0.8,10,10,4.8,3.84,0,0,0.0,0.0,15,12,7.4,3.52,1,1,0.4,0.48,2.6,2.08,3,3,1.2,1.44,3,5,2,4.2,0.64,4,1.6,1.0,4.8,0.0,0.216216216216216,0.135135135135135,0.648648648648649,0.0,1.15957534907458,0.184561293402918
34681702,3,74,-0.220603,3,74,-0.220603,0.0,-2.19133192988063,51,84,33,66.0,12.0,51,10.811,183.84,173.029,92.84472,72.796224,10.811,162,78,122.2,31.84,2.04,2.36,0.32,2.196,0.1312,2.04,2,0,2.0,0.0,2,3,3,1.0,0.8,10,10,3.6,2.88,14,14,5.6,6.72,20,17,12.2,7.36,0,0,0.0,0.0,2.6,2.08,6,6,2.4,2.88,3,6,3,5.0,0.8,5,2.0,1.0,3.6,5.6,0.163934426229508,0.0819672131147541,0.295081967213115,0.459016393442623,1.18403184734597,0.187750550694611
61784935,3,42,-0.153347,3,42,-0.153347,0.0,-2.11507058863213,50,84,34,65.6,12.48,50,10.811,95.96,85.149,57.69272,37.505376,10.811,154,70,119.0,28.0,2.04,2.18,0.14,2.116,0.0608,2.04,1,1,1.6,0.48,1,3,3,1.0,0.8,10,10,4.0,3.2,0,0,0.0,0.0,15,12,6.6,3.36,1,1,0.4,0.48,2.6,2.08,5,5,2.0,2.4,3,6,3,5.0,0.8,5,1.6,1.0,4.0,0.0,0.242424242424242,0.151515151515151,0.606060606060606,0.0,0.85765269823396,0.200490193411229
67409258,3,42,-0.153347,3,42,-0.153347,0.0,-2.14340752771899,50,81,31,65.0,12.0,50,10.811,207.2,196.389,84.1484,58.66992,10.811,154,70,124.4,32.32,2.04,2.33,0.29,2.146,0.0848,2.04,1,1,1.6,0.48,1,2,2,0.8,0.64,10,10,4.0,3.2,14,14,2.8,4.48,28,25,9.2,7.52,1,1,0.4,0.48,2.8,2.24,5,5,2.0,2.4,4,6,2,5.2,0.64,5,1.6,0.8,4.0,2.8,0.173913043478261,0.0869565217391304,0.434782608695652,0.304347826086956,15.195911322684,0.264762521262011
68427591,3,42,-0.153347,3,42,-0.153347,0.0,-2.1170074697076,50,83,33,65.4,12.32,50,10.811,95.96,85.149,48.9031524,37.64547808,10.811,154,70,116.6,29.92,2.04,2.19,0.15,2.118,0.0624,2.04,1,1,1.6,0.48,1,3,3,1.0,0.8,5,5,2.0,2.4,0,0,0.0,0.0,6,3,4.6,1.28,1,1,0.4,0.48,2.6,2.08,5,5,2.0,2.4,3,6,3,5.0,0.8,5,1.6,1.0,2.0,0.0,0.347826086956522,0.217391304347826,0.434782608695652,0.0,0.489509462814792,0.209236908423423
14387690,3,42,-0.153347,3,42,-0.153347,0.0,-2.18754758380055,50,88,38,66.4,13.12,50,10.811,95.96,85.149,49.1214,37.47088,10.811,154,70,116.2,30.24,2.04,2.58,0.54,2.196,0.1536,2.04,1,1,1.6,0.48,1,4,4,1.2,1.12,5,5,2.0,2.4,0,0,0.0,0.0,6,3,4.8,1.44,1,1,0.4,0.48,2.4,2.08,5,5,2.0,2.4,2,6,4,4.8,1.12,5,1.6,1.2,2.0,0.0,0.333333333333333,0.25,0.416666666666667,0.0,19078454.2565923,0.208181128439005
89604375,3,74,-0.220603,3,74,-0.220603,0.0,-2.22069059041416,51,81,30,65.4,11.52,51,10.811,207.2,196.389,119.3004,86.79152,10.811,162,78,127.6,34.88,2.04,2.36,0.32,2.226,0.1488,2.04,2,0,2.0,0.0,2,2,2,0.8,0.64,10,10,3.6,2.88,14,14,8.4,6.72,28,25,14.8,9.44,0,0,0.0,0.0,2.8,2.24,6,6,2.4,2.88,4,6,2,5.2,0.64,5,2.0,0.8,3.6,8.4,0.135135135135135,0.054054054054054,0.243243243243243,0.567567567567568,4.0907816652663,0.263402454957875
71305486,2,15,-0.20608,2,15,-0.20608,0.0,-2.16329042847001,59,83,24,69.0,8.0,59,10.811,102.9055,92.0945,51.6813524,40.97931808,10.811,142,58,111.8,24.16,2.04,2.28,0.24,2.166,0.1008,2.04,1,1,1.6,0.48,1,3,3,1.0,0.8,8,8,3.2,3.84,0,0,0.0,0.0,9,6,5.8,2.56,1,1,0.4,0.48,2.6,2.08,2,2,0.8,0.96,3,5,2,3.8,0.96,3,1.6,1.0,3.2,0.0,0.275862068965517,0.172413793103448,0.551724137931034,0.0,0.619117358097741,0.18391049142992
18325407,2,15,-0.20608,2,15,-0.20608,0.0,-2.13260273709127,56,83,27,67.8,9.44,56,10.811,101.07,90.259,50.9471524,40.09827808,10.811,146,62,113.4,26.08,2.04,2.2,0.16,2.134,0.0752,2.04,1,1,1.6,0.48,1,3,3,1.0,0.8,7,7,2.8,3.36,0,0,0.0,0.0,8,5,5.4,2.08,1,1,0.4,0.48,2.6,2.08,3,3,1.2,1.44,3,5,2,4.2,0.64,4,1.6,1.0,2.8,0.0,0.296296296296296,0.185185185185185,0.518518518518518,0.0,0.718746967732753,0.191249486918778
19483527,3,74,-0.220603,3,74,-0.220603,0.0,-2.19333864746626,51,83,32,65.8,11.84,51,10.811,183.84,173.029,84.0551524,79.82787808,10.811,162,78,119.8,33.76,2.04,2.36,0.32,2.198,0.1296,2.04,2,0,2.0,0.0,2,3,3,1.0,0.8,4,4,1.6,1.92,14,14,5.6,6.72,20,17,10.2,7.84,0,0,0.0,0.0,2.6,2.08,6,6,2.4,2.88,3,6,3,5.0,0.8,5,2.0,1.0,1.6,5.6,0.196078431372549,0.0980392156862745,0.156862745098039,0.549019607843137,0.629539703883155,0.194888460581358
67435291,1,45,-0.154624,1,45,-0.154624,0.0,-2.19026765629007,59,81,22,68.6,7.68,59,10.811,207.2,196.389,86.9266,60.89248,10.811,146,62,119.6,28.48,2.04,2.33,0.29,2.194,0.1232,2.04,1,1,1.6,0.48,1,2,2,0.8,0.64,10,10,5.2,4.16,14,14,2.8,4.48,28,25,10.4,7.04,1,1,0.4,0.48,2.8,2.24,2,2,0.8,0.96,3,5,2,4.0,0.8,3,1.6,0.8,5.2,2.8,0.153846153846154,0.0769230769230769,0.5,0.269230769230769,3.82563274073974,0.262937277792971
51763480,3,45,-0.239422,3,45,-0.239422,0.0,-2.23537272190732,59,88,29,70.0,8.8,59,10.811,102.9055,92.0945,51.8996,40.80472,10.811,142,58,111.4,24.48,2.04,2.58,0.54,2.244,0.1632,2.04,1,1,1.6,0.48,1,4,4,1.2,1.12,8,8,3.2,3.84,0,0,0.0,0.0,9,6,6.0,2.4,1,1,0.4,0.48,2.4,2.08,2,2,0.8,0.96,2,5,3,3.6,1.12,3,1.6,1.2,3.2,0.0,0.266666666666667,0.2,0.533333333333333,0.0,16766522.4420708,0.183016696114988
30975426,3,44,-0.210375,1,44,-0.152834,0.057541,-2.15919727526842,56,81,25,67.4,9.12,56,10.811,207.2,196.389,86.1924,60.30512,10.811,146,62,121.2,29.76,2.04,2.33,0.29,2.162,0.0976,2.04,1,1,1.6,0.48,1,2,2,0.8,0.64,10,10,4.8,3.84,14,14,2.8,4.48,28,25,10.0,7.2,1,1,0.4,0.48,2.8,2.24,3,3,1.2,1.44,4,5,1,4.4,0.48,4,1.6,0.8,4.8,2.8,0.16,0.08,0.48,0.28,8.23075196761442,0.263192564548187
71403958,3,44,-0.210375,3,44,-0.210375,0.0,-2.20366249599242,56,88,32,68.8,10.24,56,10.811,101.07,90.259,51.1654,39.92368,10.811,146,62,113.0,26.4,2.04,2.58,0.54,2.212,0.1472,2.04,1,1,1.6,0.48,1,4,4,1.2,1.12,7,7,2.8,3.36,0,0,0.0,0.0,8,5,5.6,2.08,1,1,0.4,0.48,2.4,2.08,3,3,1.2,1.44,2,5,3,4.0,0.8,4,1.6,1.2,2.8,0.0,0.285714285714286,0.214285714285714,0.5,0.0,18064572.1710131,0.190303673560118
35897402,3,74,-0.220603,3,74,-0.220603,0.0,-2.26642216778946,51,88,37,66.8,12.64,51,10.811,183.84,173.029,84.2734,79.65328,10.811,162,78,119.4,34.08,2.04,2.58,0.54,2.276,0.1888,2.04,2,0,2.0,0.0,2,4,4,1.2,1.12,4,4,1.6,1.92,14,14,5.6,6.72,20,17,10.4,7.68,0,0,0.0,0.0,2.4,2.08,6,6,2.4,2.88,2,6,4,4.8,1.12,5,2.0,1.2,1.6,5.6,0.192307692307692,0.115384615384615,0.153846153846154,0.538461538461538,21881540.0226054,0.193918507395057
27156309,3,42,-0.153347,3,42,-0.153347,0.0,-2.01006873420435,50,72,22,62.8,10.24,50,10.811,112.411,101.6,65.1906,43.50368,10.811,154,70,124.0,32.0,1.69,2.16,0.47,2.018,0.1312,2.04,1,1,1.6,0.48,1,1,1,0.4,0.48,10,10,4.0,3.2,0,0,0.0,0.0,12,9,6.0,2.4,1,1,0.4,0.48,2.0,2.4,5,5,2.0,2.4,0,6,6,4.4,1.76,5,1.6,0.4,4.0,0.0,0.266666666666667,0.0666666666666666,0.666666666666667,0.0,2.24994880303402,0.234756787323376
39186520,1,48,-0.204228,1,45,-0.154624,0.0496039999999999,-2.05401375077419,59,72,13,66.4,5.92,59,10.811,112.411,101.6,67.9688,45.72624,10.811,144,60,119.2,28.16,1.69,2.28,0.59,2.066,0.1712,2.04,1,1,1.6,0.48,1,1,1,0.4,0.48,10,10,5.2,4.16,0,0,0.0,0.0,12,9,7.2,3.36,1,1,0.4,0.48,2.0,2.4,2,2,0.8,0.96,0,5,5,3.2,1.44,3,1.6,0.4,5.2,0.0,0.222222222222222,0.0555555555555555,0.722222222222222,0.0,1.24474025026835,0.2279288267092
19436725,3,44,-0.210375,1,48,-0.204228,0.006147,-2.02487622062942,56,72,16,65.2,7.36,56,10.811,112.411,101.6,67.2346,45.13888,10.811,146,62,120.8,29.44,1.69,2.2,0.51,2.034,0.1376,2.04,1,1,1.6,0.48,1,1,1,0.4,0.48,10,10,4.8,3.84,0,0,0.0,0.0,12,9,6.8,3.04,1,1,0.4,0.48,2.0,2.4,3,3,1.2,1.44,0,5,5,3.6,1.44,4,1.6,0.4,4.8,0.0,0.235294117647059,0.0588235294117647,0.705882352941177,0.0,2.21462446786476,0.229617304492512
10693257,3,74,-0.220603,3,74,-0.220603,0.0,-2.08254411091091,51,72,21,63.2,9.76,51,10.811,183.84,173.029,100.3426,71.62528,10.811,162,78,127.2,34.56,1.69,2.36,0.67,2.098,0.2096,2.04,2,0,2.0,0.0,2,1,1,0.4,0.48,10,10,3.6,2.88,14,14,5.6,6.72,20,17,11.6,6.88,0,0,0.0,0.0,2.0,2.4,6,6,2.4,2.88,0,6,6,4.4,1.76,5,2.0,0.4,3.6,5.6,0.172413793103448,0.0344827586206896,0.310344827586207,0.482758620689655,4.34426629379436,0.230543921141055
56124780,1,27,-0.204497,1,27,-0.204497,0.0,-1.90148344044105,58,72,14,66.0,6.4,58,10.811,112.411,101.6,50.379878,31.6551024,10.811,144,60,112.8,23.04,1.69,2.04,0.35,1.906,0.1072,1.88,2,0,2.0,0.0,2,1,1,0.4,0.48,10,10,4.8,3.84,0,0,0.0,0.0,12,9,7.2,3.36,0,0,0.0,0.0,2.0,2.4,3,3,1.2,1.44,0,5,5,3.2,1.44,3,2.0,0.4,4.8,0.0,0.277777777777778,0.0555555555555555,0.666666666666667,0.0,1.6683469942021,0.223945679042768
25976038,3,26,-0.295049,1,48,-0.204228,0.090821,-1.88109116553606,55,72,17,64.8,7.84,55,10.811,112.411,101.6,49.1446,30.66688,10.811,144,60,115.2,24.96,1.69,2.04,0.35,1.886,0.1232,1.83,2,0,2.0,0.0,2,1,1,0.4,0.48,10,10,4.4,3.52,0,0,0.0,0.0,12,9,6.8,3.04,0,0,0.0,0.0,2.0,2.4,4,4,1.6,1.92,0,5,5,3.6,1.44,4,2.0,0.4,4.4,0.0,0.294117647058823,0.0588235294117647,0.647058823529412,0.0,2.220612859965,0.223945679042768
59387142,1,28,-0.210764,1,48,-0.204228,0.006536,-1.91356295493539,61,72,11,67.2,4.96,61,10.811,112.411,101.6,50.28396,31.578368,10.811,144,60,112.0,22.4,1.69,2.04,0.35,1.918,0.0976,1.91,2,0,2.0,0.0,2,1,1,0.4,0.48,10,10,5.2,4.16,0,0,0.0,0.0,12,9,7.6,3.68,0,0,0.0,0.0,2.0,2.4,2,2,0.8,0.96,0,5,5,2.8,1.76,2,2.0,0.4,5.2,0.0,0.263157894736842,0.0526315789473684,0.684210526315789,0.0,1.45283431872815,0.22431623524546
87563140,3,43,-0.270262,3,43,-0.270262,0.0,-1.90954918117108,53,72,19,64.0,8.8,53,10.811,112.411,101.6,66.0066,44.15648,10.811,147,63,121.2,29.76,1.69,2.04,0.35,1.914,0.1008,1.9,2,0,2.0,0.0,2,1,1,0.4,0.48,10,10,4.0,3.2,0,0,0.0,0.0,12,9,6.4,2.72,0,0,0.0,0.0,2.0,2.4,5,5,2.0,2.4,0,5,5,4.0,1.6,5,2.0,0.4,4.0,0.0,0.3125,0.0625,0.625,0.0,2.06073109354732,0.231522992329165
50987241,1,27,-0.204497,1,27,-0.204497,0.0,-2.00081302256555,58,84,26,68.8,8.64,58,10.811,74.9216,64.1106,42.881998,25.6567984,10.811,126,42,107.8,19.04,1.88,2.18,0.3,2.004,0.0992000000000001,1.88,2,0,2.0,0.0,2,3,3,1.0,0.8,10,10,4.8,3.84,0,0,0.0,0.0,15,12,7.8,3.84,0,0,0.0,0.0,2.6,2.08,3,3,1.2,1.44,3,5,2,3.8,0.96,3,2.0,1.0,4.8,0.0,0.256410256410256,0.128205128205128,0.615384615384615,0.0,0.912495443200985,0.15612386257877
34012568,1,27,-0.204497,1,27,-0.204497,0.0,-2.02761918073793,58,81,23,68.2,8.16,58,10.811,207.2,196.389,69.337678,55.1449288,10.811,146,62,113.2,23.36,1.88,2.33,0.45,2.034,0.1232,1.88,2,0,2.0,0.0,2,2,2,0.8,0.64,10,10,4.8,3.84,14,14,2.8,4.48,28,25,10.4,7.04,0,0,0.0,0.0,2.8,2.24,3,3,1.2,1.44,3,5,2,4.0,0.8,3,2.0,0.8,4.8,2.8,0.192307692307692,0.0769230769230769,0.461538461538462,0.269230769230769,48.4170904406781,0.263891812849298
13085762,2,15,-0.20608,2,15,-0.20608,0.0,-2.00264527199485,58,83,25,68.6,8.48,58,10.811,58.933195,48.122195,34.0924304,19.87261168,10.811,126,42,105.4,17.12,1.88,2.19,0.31,2.006,0.1008,1.88,2,0,2.0,0.0,2,3,3,1.0,0.8,7,7,2.8,3.36,0,0,0.0,0.0,9,6,5.8,2.56,0,0,0.0,0.0,2.6,2.08,3,3,1.2,1.44,3,5,2,3.8,0.96,3,2.0,1.0,2.8,0.0,0.344827586206897,0.172413793103448,0.482758620689655,0.0,0.564627592175083,0.157618547511842
12904576,2,16,-0.261676,2,16,-0.261676,0.0,-2.0693747606696,58,88,30,69.6,9.28,58,10.811,58.933195,48.122195,34.310678,19.6980136,10.811,126,42,105.0,16.8,1.88,2.58,0.7,2.084,0.1984,1.88,2,0,2.0,0.0,2,4,4,1.2,1.12,7,7,2.8,3.36,0,0,0.0,0.0,9,6,6.0,2.4,0,0,0.0,0.0,2.4,2.08,3,3,1.2,1.44,2,5,3,3.6,1.12,3,2.0,1.2,2.8,0.0,0.333333333333333,0.2,0.466666666666667,0.0,15121156.7045738,0.156956739165573
24035867,1,27,-0.204497,1,27,-0.204497,0.0,-1.96858611764006,58,79,21,67.8,7.84,58,10.811,72.64,61.829,42.425678,25.2917424,10.811,126,42,108.0,19.2,1.88,2.04,0.16,1.97,0.072,1.88,2,0,2.0,0.0,2,2,2,0.8,0.64,10,10,4.8,3.84,0,0,0.0,0.0,14,11,7.6,3.68,0,0,0.0,0.0,2.8,2.24,3,3,1.2,1.44,3,5,2,4.0,0.8,3,2.0,0.8,4.8,0.0,0.263157894736842,0.105263157894737,0.631578947368421,0.0,0.739503065292786,0.155709800070947
40326571,1,27,-0.204497,1,27,-0.204497,0.0,-1.94655162779233,58,78,20,67.6,7.68,58,10.811,58.933195,48.122195,33.514778,20.3347336,10.811,126,42,106.2,17.76,1.88,2.04,0.16,1.948,0.0736,1.88,2,0,2.0,0.0,2,2,2,0.8,0.64,7,7,2.8,3.36,0,0,0.0,0.0,9,6,5.6,2.72,0,0,0.0,0.0,2.8,2.24,3,3,1.2,1.44,3,5,2,4.0,0.8,3,2.0,0.8,2.8,0.0,0.357142857142857,0.142857142857143,0.5,0.0,0.543722772862253,0.154906931004829
16504783,1,27,-0.204497,1,27,-0.204497,0.0,-1.95869322418115,58,80,22,68.0,8.0,58,10.811,118.71,107.899,51.639678,32.6629424,10.811,139,55,111.8,22.24,1.88,2.04,0.16,1.96,0.0640000000000001,1.88,2,0,2.0,0.0,2,2,2,0.8,0.64,10,10,4.8,3.84,0,0,0.0,0.0,14,11,7.6,3.68,0,0,0.0,0.0,2.8,2.24,3,3,1.2,1.44,3,5,2,4.0,0.8,3,2.0,0.8,4.8,0.0,0.263157894736842,0.105263157894737,0.631578947368421,0.0,1.59644768098912,0.21943403815018
58029641,2,5,-0.136603,2,5,-0.136603,0.0,-1.90364779844506,49,84,35,65.2,12.96,49,10.811,74.9216,64.1106,40.10716,23.436928,10.811,139,55,113.0,23.2,1.66,2.18,0.52,1.916,0.2048,1.66,1,1,1.6,0.48,1,3,3,1.0,0.8,10,10,4.0,3.2,0,0,0.0,0.0,15,12,6.6,3.36,1,1,0.4,0.48,2.6,2.08,5,5,2.0,2.4,3,6,3,5.0,0.8,5,1.6,1.0,4.0,0.0,0.242424242424242,0.151515151515151,0.606060606060606,0.0,0.783332493686241,0.171830132537853
67198240,2,5,-0.136603,2,5,-0.136603,0.0,-1.92915217262401,49,81,32,64.6,12.48,49,10.811,207.2,196.389,66.56284,56.254864,10.811,146,62,118.4,27.52,1.66,2.33,0.67,1.946,0.2288,1.66,1,1,1.6,0.48,1,2,2,0.8,0.64,10,10,4.0,3.2,14,14,2.8,4.48,28,25,9.2,7.52,1,1,0.4,0.48,2.8,2.24,5,5,2.0,2.4,4,6,2,5.2,0.64,5,1.6,0.8,4.0,2.8,0.173913043478261,0.0869565217391304,0.434782608695652,0.304347826086956,13.2334881682865,0.262909117334157
82769514,2,5,-0.136603,2,5,-0.136603,0.0,-1.90539106858223,49,83,34,65.0,12.8,49,10.811,51.9961,41.1851,31.3175924,16.54280608,10.811,139,55,110.6,22.72,1.66,2.19,0.53,1.918,0.2064,1.66,1,1,1.6,0.48,1,3,3,1.0,0.8,5,5,2.0,2.4,0,0,0.0,0.0,6,3,4.6,1.28,1,1,0.4,0.48,2.6,2.08,5,5,2.0,2.4,3,6,3,5.0,0.8,5,1.6,1.0,2.0,0.0,0.347826086956522,0.217391304347826,0.434782608695652,0.0,0.462891462909908,0.17649185829694
57043269,2,5,-0.136603,2,5,-0.136603,0.0,-1.96887998172623,49,88,39,66.0,13.6,49,10.811,51.9961,41.1851,31.53584,16.579872,10.811,139,55,110.2,23.04,1.66,2.58,0.92,1.996,0.2688,1.66,1,1,1.6,0.48,1,4,4,1.2,1.12,5,5,2.0,2.4,0,0,0.0,0.0,6,3,4.8,1.44,1,1,0.4,0.48,2.4,2.08,5,5,2.0,2.4,2,6,4,4.8,1.12,5,1.6,1.2,2.0,0.0,0.333333333333333,0.25,0.416666666666667,0.0,16566552.6189635,0.17565566424556
50129364,2,5,-0.136603,2,5,-0.136603,0.0,-1.80914194597449,49,72,23,62.4,10.72,49,10.811,112.411,101.6,47.60504,29.435232,10.811,144,60,118.0,27.2,1.66,2.04,0.38,1.818,0.1776,1.66,1,1,1.6,0.48,1,1,1,0.4,0.48,10,10,4.0,3.2,0,0,0.0,0.0,12,9,6.0,2.4,1,1,0.4,0.48,2.0,2.4,5,5,2.0,2.4,0,6,6,4.4,1.76,5,1.6,0.4,4.0,0.0,0.266666666666667,0.0666666666666666,0.666666666666667,0.0,1.65309140826027,0.226472471692405
25986740,2,5,-0.136603,2,5,-0.136603,0.0,-1.83413381225793,49,74,25,63.2,11.36,49,10.811,69.723,58.912,39.06744,22.605152,10.811,139,55,113.6,23.68,1.66,2.04,0.38,1.842,0.1584,1.66,1,1,1.6,0.48,1,1,1,0.6,0.48,10,10,4.0,3.2,0,0,0.0,0.0,13,10,6.2,2.72,1,1,0.4,0.48,3.0,2.4,5,5,2.0,2.4,5,6,1,5.4,0.48,5,1.6,0.6,4.0,0.0,0.258064516129032,0.0967741935483871,0.645161290322581,0.0,0.900036346364901,0.186658751975725
34105672,2,5,-0.136603,2,5,-0.136603,0.0,-1.8729859245367,49,79,30,64.2,12.16,49,10.811,72.64,61.829,39.65084,23.071872,10.811,139,55,113.2,23.36,1.66,2.04,0.38,1.882,0.1776,1.66,1,1,1.6,0.48,1,2,2,0.8,0.64,10,10,4.0,3.2,0,0,0.0,0.0,14,11,6.4,3.04,1,1,0.4,0.48,2.8,2.24,5,5,2.0,2.4,4,6,2,5.2,0.64,5,1.6,0.8,4.0,0.0,0.25,0.125,0.625,0.0,0.694840454357567,0.171719548408983
78691503,2,5,-0.136603,2,5,-0.136603,0.0,-1.82801309569024,49,75,26,63.4,11.52,49,10.811,114.818,104.007,48.08644,29.820352,10.811,142,58,117.6,26.88,1.66,2.04,0.38,1.836,0.1632,1.66,1,1,1.6,0.48,1,1,1,0.6,0.48,10,10,4.0,3.2,0,0,0.0,0.0,13,10,6.2,2.72,1,1,0.4,0.48,3.0,2.4,5,5,2.0,2.4,5,6,1,5.4,0.48,5,1.6,0.6,4.0,0.0,0.258064516129032,0.0967741935483871,0.645161290322581,0.0,2.16655673147415,0.222451146254413
37419068,2,5,-0.136603,2,5,-0.136603,0.0,-1.85202149277051,49,78,29,64.0,12.0,49,10.811,51.9961,41.1851,30.73994,17.004928,10.811,139,55,111.4,22.08,1.66,2.04,0.38,1.86,0.16,1.66,1,1,1.6,0.48,1,2,2,0.8,0.64,5,5,2.0,2.4,0,0,0.0,0.0,6,3,4.4,1.28,1,1,0.4,0.48,2.8,2.24,5,5,2.0,2.4,4,6,2,5.2,0.64,5,1.6,0.8,2.0,0.0,0.363636363636364,0.181818181818182,0.454545454545454,0.0,0.521142827599055,0.172044228070584
32714856,2,5,-0.136603,2,5,-0.136603,0.0,-1.86357345838373,49,80,31,64.4,12.32,49,10.811,118.71,107.899,48.86484,30.443072,10.811,139,55,117.0,26.4,1.66,2.04,0.38,1.872,0.1696,1.66,1,1,1.6,0.48,1,2,2,0.8,0.64,10,10,4.0,3.2,0,0,0.0,0.0,14,11,6.4,3.04,1,1,0.4,0.48,2.8,2.24,5,5,2.0,2.4,4,6,2,5.2,0.64,5,1.6,0.8,4.0,0.0,0.25,0.125,0.625,0.0,1.54147919594534,0.222451146254413
83429561,1,26,-0.197978,1,26,-0.197978,0.0,-1.97935549718201,55,84,29,67.6,10.08,55,10.811,74.9216,64.1106,41.64672,24.668576,10.811,132,48,110.2,20.96,1.83,2.18,0.35,1.984,0.1232,1.83,2,0,2.0,0.0,2,3,3,1.0,0.8,10,10,4.4,3.52,0,0,0.0,0.0,15,12,7.4,3.52,0,0,0.0,0.0,2.6,2.08,4,4,1.6,1.92,3,5,2,4.2,0.64,4,2.0,1.0,4.4,0.0,0.27027027027027,0.135135135135135,0.594594594594595,0.0,0.920913659046864,0.15612386257877
69538402,3,26,-0.295049,1,26,-0.197978,0.097071,-2.00587417530857,55,81,26,67.0,9.6,55,10.811,207.2,196.389,68.1024,55.63904,10.811,146,62,115.6,25.28,1.83,2.33,0.5,2.014,0.1472,1.83,2,0,2.0,0.0,2,2,2,0.8,0.64,10,10,4.4,3.52,14,14,2.8,4.48,28,25,10.0,7.2,0,0,0.0,0.0,2.8,2.24,4,4,1.6,1.92,4,5,1,4.4,0.48,4,2.0,0.8,4.4,2.8,0.2,0.08,0.44,0.28,6.9840729325782,0.263891812849298
71465098,2,15,-0.20608,2,15,-0.20608,0.0,-1.98116809682986,55,83,28,67.4,9.92,55,10.811,55.845,45.034,32.8571524,18.39027808,10.811,132,48,107.8,19.36,1.83,2.19,0.36,1.986,0.1248,1.83,2,0,2.0,0.0,2,3,3,1.0,0.8,6,6,2.4,2.88,0,0,0.0,0.0,8,5,5.4,2.08,0,0,0.0,0.0,2.6,2.08,4,4,1.6,1.92,3,5,2,4.2,0.64,4,2.0,1.0,2.4,0.0,0.37037037037037,0.185185185185185,0.444444444444444,0.0,0.520170442174738,0.157618547511842
94715302,2,16,-0.261676,2,16,-0.261676,0.0,-2.04718195156934,55,88,33,68.4,10.72,55,10.811,55.845,45.034,33.0754,18.21568,10.811,132,48,107.4,19.68,1.83,2.58,0.75,2.064,0.2064,1.83,2,0,2.0,0.0,2,4,4,1.2,1.12,6,6,2.4,2.88,0,0,0.0,0.0,8,5,5.6,2.08,0,0,0.0,0.0,2.4,2.08,4,4,1.6,1.92,2,5,3,4.0,0.8,4,2.0,1.2,2.4,0.0,0.357142857142857,0.214285714285714,0.428571428571429,0.0,15272011.1325319,0.156956739165573
32468591,3,26,-0.295049,1,26,-0.197978,0.097071,-1.94747420657564,55,79,24,66.6,9.28,55,10.811,72.64,61.829,41.1904,24.30352,10.811,132,48,110.4,21.12,1.83,2.04,0.21,1.95,0.0959999999999999,1.83,2,0,2.0,0.0,2,2,2,0.8,0.64,10,10,4.4,3.52,0,0,0.0,0.0,14,11,7.2,3.36,0,0,0.0,0.0,2.8,2.24,4,4,1.6,1.92,4,5,1,4.4,0.48,4,2.0,0.8,4.4,0.0,0.277777777777778,0.111111111111111,0.611111111111111,0.0,0.768185803792121,0.155709800070947
98016472,3,26,-0.295049,1,26,-0.197978,0.097071,-1.92567602347916,55,78,23,66.4,9.12,55,10.811,55.845,45.034,32.2795,18.8524,10.811,132,48,108.6,19.68,1.83,2.04,0.21,1.928,0.0896,1.83,2,0,2.0,0.0,2,2,2,0.8,0.64,6,6,2.4,2.88,0,0,0.0,0.0,8,5,5.2,2.24,0,0,0.0,0.0,2.8,2.24,4,4,1.6,1.92,4,5,1,4.4,0.48,4,2.0,0.8,2.4,0.0,0.384615384615385,0.153846153846154,0.461538461538462,0.0,0.543006904689055,0.154906931004829
10857693,3,26,-0.295049,1,26,-0.197978,0.097071,-1.93768740849402,55,80,25,66.8,9.44,55,10.811,118.71,107.899,50.4044,31.67472,10.811,139,55,114.2,24.16,1.83,2.04,0.21,1.94,0.088,1.83,2,0,2.0,0.0,2,2,2,0.8,0.64,10,10,4.4,3.52,0,0,0.0,0.0,14,11,7.2,3.36,0,0,0.0,0.0,2.8,2.24,4,4,1.6,1.92,4,5,1,4.4,0.48,4,2.0,0.8,4.4,0.0,0.277777777777778,0.111111111111111,0.611111111111111,0.0,2.10281958769752,0.21943403815018
16958274,3,42,-0.153347,3,42,-0.153347,0.0,-2.03783624528193,50,74,24,63.6,10.88,50,10.811,95.96,85.149,56.653,36.6736,10.811,154,70,119.6,28.48,1.81,2.16,0.35,2.042,0.0944,2.04,1,1,1.6,0.48,1,1,1,0.6,0.48,10,10,4.0,3.2,0,0,0.0,0.0,13,10,6.2,2.72,1,1,0.4,0.48,3.0,2.4,5,5,2.0,2.4,5,6,1,5.4,0.48,5,1.6,0.6,4.0,0.0,0.258064516129032,0.0967741935483871,0.645161290322581,0.0,1.07548662473435,0.20609831249986
93608745,1,45,-0.154624,1,45,-0.154624,0.0,-2.0823883275275,59,74,15,67.2,6.56,59,10.811,102.9055,92.0945,59.4312,38.89616,10.811,142,58,114.8,24.64,1.81,2.28,0.47,2.09,0.152,2.04,1,1,1.6,0.48,1,1,1,0.6,0.48,10,10,5.2,4.16,0,0,0.0,0.0,13,10,7.4,3.52,1,1,0.4,0.48,3.0,2.4,2,2,0.8,0.96,3,5,2,4.2,0.96,3,1.6,0.6,5.2,0.0,0.216216216216216,0.081081081081081,0.702702702702703,0.0,0.752564890434923,0.190716824855805
12064358,3,44,-0.210375,3,44,-0.210375,0.0,-2.05284828543013,56,74,18,66.0,8.0,56,10.811,101.07,90.259,58.697,38.3088,10.811,146,62,116.4,25.92,1.81,2.2,0.39,2.058,0.1136,2.04,1,1,1.6,0.48,1,1,1,0.6,0.48,10,10,4.8,3.84,0,0,0.0,0.0,13,10,7.0,3.2,1,1,0.4,0.48,3.0,2.4,3,3,1.2,1.44,4,5,1,4.6,0.48,4,1.6,0.6,4.8,0.0,0.228571428571429,0.0857142857142857,0.685714285714286,0.0,1.05629024231989,0.194942090256101
95240316,3,74,-0.220603,3,74,-0.220603,0.0,-2.11131281204299,51,74,23,64.0,10.4,51,10.811,183.84,173.029,91.805,73.628,10.811,162,78,122.8,31.36,1.81,2.36,0.55,2.122,0.1904,2.04,2,0,2.0,0.0,2,1,1,0.6,0.48,10,10,3.6,2.88,14,14,5.6,6.72,20,17,11.8,7.04,0,0,0.0,0.0,3.0,2.4,6,6,2.4,2.88,5,6,1,5.4,0.48,5,2.0,0.6,3.6,5.6,0.169491525423729,0.0508474576271186,0.305084745762712,0.474576271186441,1.50914238620401,0.197110518441763
85397462,1,27,-0.204497,1,27,-0.204497,0.0,-1.92775093149636,58,74,16,66.8,7.04,58,10.811,69.723,58.912,41.842278,24.8250224,10.811,126,42,108.4,19.52,1.81,2.04,0.23,1.93,0.088,1.88,2,0,2.0,0.0,2,1,1,0.6,0.48,10,10,4.8,3.84,0,0,0.0,0.0,13,10,7.4,3.52,0,0,0.0,0.0,3.0,2.4,3,3,1.2,1.44,3,5,2,4.2,0.96,3,2.0,0.6,4.8,0.0,0.27027027027027,0.081081081081081,0.648648648648649,0.0,0.882739802081724,0.17740691724314
34209168,3,26,-0.295049,3,26,-0.295049,0.0,-1.90707695342885,55,74,19,65.6,8.48,55,10.811,69.723,58.912,40.607,23.8368,10.811,132,48,110.8,21.44,1.81,2.04,0.23,1.91,0.104,1.83,2,0,2.0,0.0,2,1,1,0.6,0.48,10,10,4.4,3.52,0,0,0.0,0.0,13,10,7.0,3.2,0,0,0.0,0.0,3.0,2.4,4,4,1.6,1.92,4,5,1,4.6,0.48,4,2.0,0.6,4.4,0.0,0.285714285714286,0.0857142857142857,0.628571428571429,0.0,0.984513116618763,0.17740691724314
41253670,1,28,-0.210764,1,28,-0.210764,0.0,-1.93999731493744,61,74,13,68.0,5.6,61,10.811,69.723,58.912,41.74636,24.748288,10.811,124,40,107.6,18.88,1.81,2.04,0.23,1.942,0.0784,1.91,2,0,2.0,0.0,2,1,1,0.6,0.48,10,10,5.2,4.16,0,0,0.0,0.0,13,10,7.8,3.84,0,0,0.0,0.0,3.0,2.4,2,2,0.8,0.96,2,5,3,3.8,1.44,2,2.0,0.6,5.2,0.0,0.256410256410256,0.0769230769230769,0.666666666666667,0.0,0.813099635026308,0.179141821333142
54789260,3,43,-0.270262,3,43,-0.270262,0.0,-1.93592809406052,53,74,21,64.8,9.44,53,10.811,98.0,87.189,57.469,37.3264,10.811,147,63,116.8,26.24,1.81,2.04,0.23,1.938,0.0816,1.9,2,0,2.0,0.0,2,1,1,0.6,0.48,10,10,4.0,3.2,0,0,0.0,0.0,13,10,6.6,2.88,0,0,0.0,0.0,3.0,2.4,5,5,2.0,2.4,5,5,0,5.0,0.0,5,2.0,0.6,4.0,0.0,0.303030303030303,0.0909090909090909,0.606060606060606,0.0,1.00079418896756,0.199312714776632
32508179,3,42,-0.153347,3,42,-0.153347,0.0,-2.08100334796456,50,79,29,64.6,11.68,50,10.811,95.96,85.149,57.2364,37.14032,10.811,154,70,119.2,28.16,2.01,2.16,0.15,2.082,0.0624,2.04,1,1,1.6,0.48,1,2,2,0.8,0.64,10,10,4.0,3.2,0,0,0.0,0.0,14,11,6.4,3.04,1,1,0.4,0.48,2.8,2.24,5,5,2.0,2.4,4,6,2,5.2,0.64,5,1.6,0.8,4.0,0.0,0.25,0.125,0.625,0.0,0.782094749031133,0.200781428195816
92165478,1,45,-0.154624,1,45,-0.154624,0.0,-2.12649916860593,59,79,20,68.2,7.36,59,10.811,102.9055,92.0945,60.0146,39.36288,10.811,142,58,114.4,24.32,2.01,2.28,0.27,2.13,0.12,2.04,1,1,1.6,0.48,1,2,2,0.8,0.64,10,10,5.2,4.16,0,0,0.0,0.0,14,11,7.6,3.68,1,1,0.4,0.48,2.8,2.24,2,2,0.8,0.96,3,5,2,4.0,0.8,3,1.6,0.8,5.2,0.0,0.210526315789474,0.105263157894737,0.684210526315789,0.0,0.711337281252167,0.178179966487409
78351290,3,44,-0.210375,1,44,-0.152834,0.057541,-2.09633338534147,56,79,23,67.0,8.8,56,10.811,101.07,90.259,59.2804,38.77552,10.811,146,62,116.0,25.6,2.01,2.2,0.19,2.098,0.0816,2.04,1,1,1.6,0.48,1,2,2,0.8,0.64,10,10,4.8,3.84,0,0,0.0,0.0,14,11,7.2,3.36,1,1,0.4,0.48,2.8,2.24,3,3,1.2,1.44,4,5,1,4.4,0.48,4,1.6,0.8,4.8,0.0,0.222222222222222,0.111111111111111,0.666666666666667,0.0,0.909901311986833,0.184648700679445
85902746,3,74,-0.220603,3,74,-0.220603,0.0,-2.1560363550478,51,79,28,65.0,11.2,51,10.811,183.84,173.029,92.3884,73.16128,10.811,162,78,122.4,31.68,2.01,2.36,0.35,2.162,0.1584,2.04,2,0,2.0,0.0,2,2,2,0.8,0.64,10,10,3.6,2.88,14,14,5.6,6.72,20,17,12.0,7.2,0,0,0.0,0.0,2.8,2.24,6,6,2.4,2.88,4,6,2,5.2,0.64,5,2.0,0.8,3.6,5.6,0.166666666666667,0.0666666666666666,0.3,0.466666666666667,1.04130589199063,0.187882263393752
68293104,3,72,-0.143805,3,72,-0.143805,0.0,-1.62478006942316,45,73,28,61.4,13.12,45,10.811,178.49,167.679,81.11670772,77.898633824,10.811,175,91,127.8,37.76,1.3,2.04,0.74,1.658,0.3056,1.3,2,0,2.0,0.0,2,1,1,0.6,0.48,2,2,0.8,0.96,14,14,5.6,6.72,18,15,9.0,7.2,0,0,0.0,0.0,3.0,2.4,8,8,3.2,3.84,5,8,3,6.2,1.44,5,2.0,0.6,0.8,5.6,0.222222222222222,0.0666666666666666,0.0888888888888888,0.622222222222222,0.341126255755271,0.253730382469685
23750186,3,72,-0.143805,3,72,-0.143805,0.0,-1.72631763329385,45,84,39,63.6,14.88,45,10.811,178.49,167.679,90.70472,70.228224,10.811,175,91,127.4,38.08,1.3,2.18,0.88,1.772,0.3776,1.3,2,0,2.0,0.0,2,3,3,1.0,0.8,10,10,2.8,2.88,14,14,5.6,6.72,18,15,11.4,6.72,0,0,0.0,0.0,2.6,2.08,8,8,3.2,3.84,3,8,5,5.8,1.76,5,2.0,1.0,2.8,5.6,0.175438596491228,0.087719298245614,0.245614035087719,0.491228070175439,0.300460046240876,0.259209876971558
72803641,3,72,-0.143805,3,72,-0.143805,0.0,-1.74944620303622,45,81,36,63.0,14.4,45,10.811,207.2,196.389,117.1604,85.07952,10.811,175,91,132.8,39.04,1.3,2.33,1.03,1.802,0.4016,1.3,2,0,2.0,0.0,2,2,2,0.8,0.64,10,10,2.8,2.88,14,14,8.4,6.72,28,25,14.0,8.8,0,0,0.0,0.0,2.8,2.24,8,8,3.2,3.84,4,8,4,6.0,1.6,5,2.0,0.8,2.8,8.4,0.142857142857143,0.0571428571428571,0.2,0.6,0.452063797847005,0.280519703259021
91052873,3,72,-0.143805,3,72,-0.143805,0.0,-1.72789851289765,45,83,38,63.4,14.72,45,10.811,178.49,167.679,81.9151524,77.25987808,10.811,175,91,125.0,40.0,1.3,2.19,0.89,1.774,0.3792,1.3,2,0,2.0,0.0,2,3,3,1.0,0.8,2,2,0.8,0.96,14,14,5.6,6.72,18,15,9.4,6.88,0,0,0.0,0.0,2.6,2.08,8,8,3.2,3.84,3,8,5,5.8,1.76,5,2.0,1.0,0.8,5.6,0.212765957446809,0.106382978723404,0.0851063829787234,0.595744680851064,0.220702708597307,0.272831172793036
72153046,3,72,-0.143805,3,72,-0.143805,0.0,-1.7854732545955,45,88,43,64.4,15.52,45,10.811,178.49,167.679,82.1334,77.08528,10.811,175,91,124.6,40.32,1.3,2.58,1.28,1.852,0.4416,1.3,2,0,2.0,0.0,2,4,4,1.2,1.12,2,2,0.8,0.96,14,14,5.6,6.72,18,15,9.6,6.72,0,0,0.0,0.0,2.4,2.08,8,8,3.2,3.84,2,8,6,5.6,1.92,5,2.0,1.2,0.8,5.6,0.208333333333333,0.125,0.0833333333333333,0.583333333333333,17710239.677437,0.271520914645437
61927503,3,72,-0.143805,3,72,-0.143805,0.0,-1.6406152677078,45,72,27,60.8,12.64,45,10.811,178.49,167.679,98.2026,69.91328,10.811,175,91,132.4,38.72,1.3,2.04,0.74,1.674,0.2992,1.3,2,0,2.0,0.0,2,1,1,0.4,0.48,10,10,2.8,2.88,14,14,5.6,6.72,18,15,10.8,6.24,0,0,0.0,0.0,2.0,2.4,8,8,3.2,3.84,0,8,8,5.2,2.24,5,2.0,0.4,2.8,5.6,0.185185185185185,0.037037037037037,0.259259259259259,0.518518518518518,0.409224254507669,0.262954625331178
45068793,3,72,-0.143805,3,72,-0.143805,0.0,-1.6632790711116,45,74,29,61.6,13.28,45,10.811,178.49,167.679,89.665,71.06,10.811,175,91,128.0,37.6,1.3,2.04,0.74,1.698,0.3184,1.3,2,0,2.0,0.0,2,1,1,0.6,0.48,10,10,2.8,2.88,14,14,5.6,6.72,18,15,11.0,6.4,0,0,0.0,0.0,3.0,2.4,8,8,3.2,3.84,5,8,3,6.2,1.44,5,2.0,0.6,2.8,5.6,0.181818181818182,0.0545454545454545,0.254545454545455,0.509090909090909,0.342975586253305,0.252497249948616
86192507,3,72,-0.143805,3,72,-0.143805,0.0,-1.69851199947804,45,79,34,62.6,14.08,45,10.811,178.49,167.679,90.2484,70.59328,10.811,175,91,127.6,37.92,1.3,2.04,0.74,1.738,0.3504,1.3,2,0,2.0,0.0,2,2,2,0.8,0.64,10,10,2.8,2.88,14,14,5.6,6.72,18,15,11.2,6.56,0,0,0.0,0.0,2.8,2.24,8,8,3.2,3.84,4,8,4,6.0,1.6,5,2.0,0.8,2.8,5.6,0.178571428571428,0.0714285714285714,0.25,0.5,0.302303529599457,0.259993958960147
48270965,3,72,-0.143805,3,72,-0.143805,0.0,-1.65772851656688,45,75,30,61.8,13.44,45,10.811,178.49,167.679,98.684,70.2984,10.811,175,91,132.0,38.4,1.3,2.04,0.74,1.692,0.3136,1.3,2,0,2.0,0.0,2,1,1,0.6,0.48,10,10,2.8,2.88,14,14,5.6,6.72,18,15,11.0,6.4,0,0,0.0,0.0,3.0,2.4,8,8,3.2,3.84,5,8,3,6.2,1.44,5,2.0,0.6,2.8,5.6,0.181818181818182,0.0545454545454545,0.254545454545455,0.509090909090909,0.420995330402342,0.261365561965106
85709634,3,72,-0.143805,3,72,-0.143805,0.0,-1.67950046369946,45,78,33,62.4,13.92,45,10.811,178.49,167.679,81.3375,77.722,10.811,175,91,125.8,39.36,1.3,2.04,0.74,1.716,0.3328,1.3,2,0,2.0,0.0,2,2,2,0.8,0.64,2,2,0.8,0.96,14,14,5.6,6.72,18,15,9.2,7.04,0,0,0.0,0.0,2.8,2.24,8,8,3.2,3.84,4,8,4,6.0,1.6,5,2.0,0.8,0.8,5.6,0.217391304347826,0.0869565217391304,0.0869565217391304,0.608695652173913,0.280103863571402,0.263570544455797
17596823,3,72,-0.143805,3,72,-0.143805,0.0,-1.68997633111233,45,80,35,62.8,14.24,45,10.811,178.49,167.679,99.4624,70.92112,10.811,175,91,131.4,37.92,1.3,2.04,0.74,1.728,0.3424,1.3,2,0,2.0,0.0,2,2,2,0.8,0.64,10,10,2.8,2.88,14,14,5.6,6.72,18,15,11.2,6.56,0,0,0.0,0.0,2.8,2.24,8,8,3.2,3.84,4,8,4,6.0,1.6,5,2.0,0.8,2.8,5.6,0.178571428571428,0.0714285714285714,0.25,0.5,0.375733655838061,0.261365561965106
20694735,3,72,-0.143805,3,72,-0.143805,0.0,-1.62679343380494,45,76,31,62.0,13.6,45,10.811,204.3833,193.5723,116.59706,84.628848,10.811,175,91,132.6,38.88,1.3,2.04,0.74,1.66,0.304,1.3,2,0,2.0,0.0,2,1,1,0.6,0.48,10,10,2.8,2.88,14,14,8.4,6.72,27,24,13.8,8.64,0,0,0.0,0.0,3.0,2.4,8,8,3.2,3.84,5,8,3,6.2,1.44,5,2.0,0.6,2.8,8.4,0.144927536231884,0.0434782608695652,0.202898550724638,0.608695652173913,0.486022012689706,0.278121511168405
67381945,3,72,-0.143805,3,72,-0.143805,0.0,-1.63277445340851,45,72,27,60.6,12.48,45,10.811,178.49,167.679,88.7964,71.75488,10.811,175,91,128.0,37.6,1.3,2.04,0.74,1.666,0.2992,1.3,2,0,2.0,0.0,2,1,1,0.4,0.48,10,10,2.8,2.88,14,14,5.6,6.72,18,15,10.8,6.24,0,0,0.0,0.0,2.0,2.4,8,8,3.2,3.84,0,8,8,5.2,2.24,5,2.0,0.4,2.8,5.6,0.185185185185185,0.037037037037037,0.259259259259259,0.518518518518518,0.37508334411715,0.253441304432607
31286905,3,42,-0.153347,3,42,-0.153347,0.0,-2.03103575014608,50,75,25,63.8,11.04,50,10.811,114.818,104.007,65.672,43.8888,10.811,154,70,123.6,31.68,1.78,2.16,0.38,2.036,0.1024,2.04,1,1,1.6,0.48,1,1,1,0.6,0.48,10,10,4.0,3.2,0,0,0.0,0.0,13,10,6.2,2.72,1,1,0.4,0.48,3.0,2.4,5,5,2.0,2.4,5,6,1,5.4,0.48,5,1.6,0.6,4.0,0.0,0.258064516129032,0.0967741935483871,0.645161290322581,0.0,3.52041495135116,0.23160277792655
67239801,1,45,-0.154624,1,45,-0.154624,0.0,-2.07543915694274,59,75,16,67.4,6.72,59,10.811,114.818,104.007,68.4502,46.11136,10.811,142,58,118.8,27.84,1.78,2.28,0.5,2.084,0.1568,2.04,1,1,1.6,0.48,1,1,1,0.6,0.48,10,10,5.2,4.16,0,0,0.0,0.0,13,10,7.4,3.52,1,1,0.4,0.48,3.0,2.4,2,2,0.8,0.96,3,5,2,4.2,0.96,3,1.6,0.6,5.2,0.0,0.216216216216216,0.081081081081081,0.702702702702703,0.0,1.31555668131475,0.224103641018935
49670328,3,44,-0.210375,3,44,-0.210375,0.0,-2.04599769338084,56,75,19,66.2,8.16,56,10.811,114.818,104.007,67.716,45.524,10.811,146,62,120.4,29.12,1.78,2.2,0.42,2.052,0.1184,2.04,1,1,1.6,0.48,1,1,1,0.6,0.48,10,10,4.8,3.84,0,0,0.0,0.0,13,10,7.0,3.2,1,1,0.4,0.48,3.0,2.4,3,3,1.2,1.44,4,5,1,4.6,0.48,4,1.6,0.6,4.8,0.0,0.228571428571429,0.0857142857142857,0.685714285714286,0.0,2.83393363277673,0.225986928334126
82139740,3,74,-0.220603,3,74,-0.220603,0.0,-2.10426711710957,51,75,24,64.2,10.56,51,10.811,183.84,173.029,100.824,72.0104,10.811,162,78,126.8,34.24,1.78,2.36,0.58,2.116,0.1952,2.04,2,0,2.0,0.0,2,1,1,0.6,0.48,10,10,3.6,2.88,14,14,5.6,6.72,20,17,11.8,7.04,0,0,0.0,0.0,3.0,2.4,6,6,2.4,2.88,5,6,1,5.4,0.48,5,2.0,0.6,3.6,5.6,0.169491525423729,0.0508474576271186,0.305084745762712,0.474576271186441,11.4344495319601,0.227010205999232
12304586,1,27,-0.204497,1,27,-0.204497,0.0,-1.92131780377911,58,75,17,67.0,7.2,58,10.811,114.818,104.007,50.861278,32.0402224,10.811,142,58,112.4,22.72,1.78,2.04,0.26,1.924,0.0928,1.88,2,0,2.0,0.0,2,1,1,0.6,0.48,10,10,4.8,3.84,0,0,0.0,0.0,13,10,7.4,3.52,0,0,0.0,0.0,3.0,2.4,3,3,1.2,1.44,3,5,2,4.2,0.96,3,2.0,0.6,4.8,0.0,0.27027027027027,0.081081081081081,0.648648648648649,0.0,2.06436953577877,0.21943403815018
61932785,1,49,-0.290497,1,49,-0.290497,0.0,-1.90071281716643,55,75,20,65.8,8.64,55,10.811,114.818,104.007,49.626,31.052,10.811,142,58,114.8,24.64,1.78,2.04,0.26,1.904,0.1088,1.83,2,0,2.0,0.0,2,1,1,0.6,0.48,10,10,4.4,3.52,0,0,0.0,0.0,13,10,7.0,3.2,0,0,0.0,0.0,3.0,2.4,4,4,1.6,1.92,4,5,1,4.6,0.48,4,2.0,0.6,4.4,0.0,0.285714285714286,0.0857142857142857,0.628571428571429,0.0,3.19679462735207,0.21943403815018
38549061,1,28,-0.210764,1,28,-0.210764,0.0,-1.93352331962289,61,75,14,68.2,5.76,61,10.811,114.818,104.007,50.76536,31.963488,10.811,142,58,111.6,22.08,1.78,2.04,0.26,1.936,0.0832,1.91,2,0,2.0,0.0,2,1,1,0.6,0.48,10,10,5.2,4.16,0,0,0.0,0.0,13,10,7.8,3.84,0,0,0.0,0.0,3.0,2.4,2,2,0.8,0.96,2,5,3,3.8,1.44,2,2.0,0.6,5.2,0.0,0.256410256410256,0.0769230769230769,0.666666666666667,0.0,1.68007032175285,0.21990216824065
62897034,3,43,-0.270262,3,43,-0.270262,0.0,-1.92946767820646,53,75,22,65.0,9.6,53,10.811,114.818,104.007,66.488,44.5416,10.811,147,63,120.8,29.44,1.78,2.04,0.26,1.932,0.0864,1.9,2,0,2.0,0.0,2,1,1,0.6,0.48,10,10,4.0,3.2,0,0,0.0,0.0,13,10,6.6,2.88,0,0,0.0,0.0,3.0,2.4,5,5,2.0,2.4,5,5,0,5.0,0.0,5,2.0,0.6,4.0,0.0,0.303030303030303,0.0909090909090909,0.606060606060606,0.0,2.60657981032518,0.228085323342676
76402381,3,25,-0.26654,3,25,-0.26654,0.0,-1.74321085435781,52,73,21,64.2,9.76,52,10.811,54.938045,44.127045,31.69592572,18.593695424,10.811,139,55,113.4,23.52,1.55,2.04,0.49,1.758,0.2256,1.55,2,0,2.0,0.0,2,1,1,0.6,0.48,5,5,2.0,2.4,0,0,0.0,0.0,7,4,4.6,1.92,0,0,0.0,0.0,3.0,2.4,5,5,2.0,2.4,5,5,0,5.0,0.0,5,2.0,0.6,2.0,0.0,0.434782608695652,0.130434782608696,0.434782608695652,0.0,0.572431978799407,0.200159611154652
26408915,3,25,-0.26654,3,25,-0.26654,0.0,-1.85214952660979,52,84,32,66.4,11.52,52,10.811,74.9216,64.1106,41.283938,24.3783504,10.811,139,55,113.0,23.2,1.55,2.18,0.63,1.872,0.2576,1.55,2,0,2.0,0.0,2,3,3,1.0,0.8,10,10,4.0,3.2,0,0,0.0,0.0,15,12,7.0,3.2,0,0,0.0,0.0,2.6,2.08,5,5,2.0,2.4,3,5,2,4.6,0.64,5,2.0,1.0,4.0,0.0,0.285714285714286,0.142857142857143,0.571428571428571,0.0,0.569057571948847,0.178187175712809
93270846,3,25,-0.26654,3,25,-0.26654,0.0,-1.87696394585299,52,81,29,65.8,11.04,52,10.811,207.2,196.389,67.739618,55.7841528,10.811,146,62,118.4,27.52,1.55,2.33,0.78,1.902,0.2816,1.55,2,0,2.0,0.0,2,2,2,0.8,0.64,10,10,4.0,3.2,14,14,2.8,4.48,28,25,9.6,7.36,0,0,0.0,0.0,2.8,2.24,5,5,2.0,2.4,4,5,1,4.8,0.32,5,2.0,0.8,4.0,2.8,0.208333333333333,0.0833333333333333,0.416666666666667,0.291666666666667,1.69211997174352,0.262937277792971
67851930,3,25,-0.26654,3,25,-0.26654,0.0,-1.85384563707831,52,83,31,66.2,11.36,52,10.811,54.938045,44.127045,32.4943704,17.95493968,10.811,139,55,110.6,22.72,1.55,2.19,0.64,1.874,0.2592,1.55,2,0,2.0,0.0,2,3,3,1.0,0.8,5,5,2.0,2.4,0,0,0.0,0.0,7,4,5.0,1.6,0,0,0.0,0.0,2.6,2.08,5,5,2.0,2.4,3,5,2,4.6,0.64,5,2.0,1.0,2.0,0.0,0.4,0.2,0.4,0.0,0.364745776420898,0.18391049142992
79648230,3,25,-0.26654,2,16,-0.261676,0.0048639999999999,-1.91561702174341,52,88,36,67.2,12.16,52,10.811,54.938045,44.127045,32.712618,17.7803416,10.811,139,55,110.2,23.04,1.55,2.58,1.03,1.952,0.3216,1.55,2,0,2.0,0.0,2,4,4,1.2,1.12,5,5,2.0,2.4,0,0,0.0,0.0,7,4,5.2,1.76,0,0,0.0,0.0,2.4,2.08,5,5,2.0,2.4,2,5,3,4.4,0.96,5,2.0,1.2,2.0,0.0,0.384615384615385,0.230769230769231,0.384615384615385,0.0,14247604.3194207,0.183016696114988
20519736,3,25,-0.26654,3,25,-0.26654,0.0,-1.76020028575852,52,72,20,63.6,9.28,52,10.811,112.411,101.6,48.781818,30.3766544,10.811,144,60,118.0,27.2,1.55,2.04,0.49,1.774,0.2128,1.55,2,0,2.0,0.0,2,1,1,0.4,0.48,10,10,4.0,3.2,0,0,0.0,0.0,12,9,6.4,2.72,0,0,0.0,0.0,2.0,2.4,5,5,2.0,2.4,0,5,5,4.0,1.6,5,2.0,0.4,4.0,0.0,0.3125,0.0625,0.625,0.0,0.931677788331788,0.2279288267092
16943087,3,25,-0.26654,3,25,-0.26654,0.0,-1.78451606168292,52,74,22,64.4,9.92,52,10.811,69.723,58.912,40.244218,23.5465744,10.811,139,55,113.6,23.68,1.55,2.04,0.49,1.798,0.1984,1.55,2,0,2.0,0.0,2,1,1,0.6,0.48,10,10,4.0,3.2,0,0,0.0,0.0,13,10,6.6,2.88,0,0,0.0,0.0,3.0,2.4,5,5,2.0,2.4,5,5,0,5.0,0.0,5,2.0,0.6,4.0,0.0,0.303030303030303,0.0909090909090909,0.606060606060606,0.0,0.620498004320115,0.190716824855805
12458390,3,25,-0.26654,3,25,-0.26654,0.0,-1.82231713046449,52,79,27,65.4,10.72,52,10.811,72.64,61.829,40.827618,24.0132944,10.811,139,55,113.2,23.36,1.55,2.04,0.49,1.838,0.2304,1.55,2,0,2.0,0.0,2,2,2,0.8,0.64,10,10,4.0,3.2,0,0,0.0,0.0,14,11,6.8,3.04,0,0,0.0,0.0,2.8,2.24,5,5,2.0,2.4,4,5,1,4.8,0.32,5,2.0,0.8,4.0,0.0,0.294117647058823,0.117647058823529,0.588235294117647,0.0,0.510785035071789,0.178179966487409
84036972,3,25,-0.26654,3,25,-0.26654,0.0,-1.77856092528499,52,75,23,64.6,10.08,52,10.811,114.818,104.007,49.263218,30.7617744,10.811,142,58,117.6,26.88,1.55,2.04,0.49,1.792,0.1984,1.55,2,0,2.0,0.0,2,1,1,0.6,0.48,10,10,4.0,3.2,0,0,0.0,0.0,13,10,6.6,2.88,0,0,0.0,0.0,3.0,2.4,5,5,2.0,2.4,5,5,0,5.0,0.0,5,2.0,0.6,4.0,0.0,0.303030303030303,0.0909090909090909,0.606060606060606,0.0,1.04071274696066,0.224103641018935
95267031,3,25,-0.26654,3,25,-0.26654,0.0,-1.80191983722406,52,78,26,65.2,10.56,52,10.811,54.938045,44.127045,31.916718,18.4170616,10.811,139,55,111.4,22.08,1.55,2.04,0.49,1.816,0.2128,1.55,2,0,2.0,0.0,2,2,2,0.8,0.64,5,5,2.0,2.4,0,0,0.0,0.0,7,4,4.8,1.76,0,0,0.0,0.0,2.8,2.24,5,5,2.0,2.4,4,5,1,4.8,0.32,5,2.0,0.8,2.0,0.0,0.416666666666667,0.166666666666667,0.416666666666667,0.0,0.419857122622944,0.178885438199983
71204863,3,25,-0.26654,3,25,-0.26654,0.0,-1.81315929425988,52,80,28,65.6,10.88,52,10.811,118.71,107.899,50.041618,31.3844944,10.811,139,55,117.0,26.4,1.55,2.04,0.49,1.828,0.2224,1.55,2,0,2.0,0.0,2,2,2,0.8,0.64,10,10,4.0,3.2,0,0,0.0,0.0,14,11,6.8,3.04,0,0,0.0,0.0,2.8,2.24,5,5,2.0,2.4,4,5,1,4.8,0.32,5,2.0,0.8,4.0,0.0,0.294117647058823,0.117647058823529,0.588235294117647,0.0,0.852143004265481,0.224103641018935
85320746,3,25,-0.26654,3,25,-0.26654,0.0,-1.74537097357034,52,76,24,64.8,10.24,52,10.811,204.3833,193.5723,67.176278,54.8828088,10.811,145,61,118.2,27.36,1.55,2.04,0.49,1.76,0.224,1.55,2,0,2.0,0.0,2,1,1,0.6,0.48,10,10,4.0,3.2,14,14,2.8,4.48,27,24,9.4,7.04,0,0,0.0,0.0,3.0,2.4,5,5,2.0,2.4,5,5,0,5.0,0.0,5,2.0,0.6,4.0,2.8,0.212765957446809,0.0638297872340425,0.425531914893617,0.297872340425532,1.75222376839251,0.258645214868096
38702645,3,25,-0.26654,3,25,-0.26654,0.0,-1.75178795177514,52,72,20,63.4,9.12,52,10.811,65.38,54.569,39.375618,22.8516944,10.811,139,55,113.6,23.68,1.55,2.04,0.49,1.766,0.2192,1.55,2,0,2.0,0.0,2,1,1,0.4,0.48,10,10,4.0,3.2,0,0,0.0,0.0,12,9,6.4,2.72,0,0,0.0,0.0,2.0,2.4,5,5,2.0,2.4,0,5,5,4.0,1.6,5,2.0,0.4,4.0,0.0,0.3125,0.0625,0.625,0.0,0.699877769878881,0.198687728150178
34982675,2,5,-0.136603,2,5,-0.136603,0.0,-1.76548989122387,47,73,26,62.2,12.16,47,10.811,92.90638,82.09538,46.88325972,36.818496224,10.811,164,80,123.4,32.48,1.6,2.04,0.44,1.778,0.2096,1.6,1,1,1.6,0.48,1,1,1,0.6,0.48,4,4,1.6,1.92,0,0,0.0,0.0,5,2,3.8,0.96,1,1,0.4,0.48,3.0,2.4,6,6,2.4,2.88,5,7,2,5.8,0.96,5,1.6,0.6,1.6,0.0,0.421052631578947,0.157894736842105,0.421052631578947,0.0,0.484187497210521,0.220794403122398
35280617,2,5,-0.136603,2,5,-0.136603,0.0,-1.87582084983592,47,84,37,64.4,13.92,47,10.811,92.90638,82.09538,56.471272,36.5282176,10.811,164,80,123.0,32.8,1.6,2.18,0.58,1.892,0.2336,1.6,1,1,1.6,0.48,1,3,3,1.0,0.8,10,10,3.6,2.88,0,0,0.0,0.0,15,12,6.2,3.52,1,1,0.4,0.48,2.6,2.08,6,6,2.4,2.88,3,7,4,5.4,1.28,5,1.6,1.0,3.6,0.0,0.258064516129032,0.161290322580645,0.580645161290323,0.0,0.43567369030864,0.213150440681858
95308671,2,5,-0.136603,2,5,-0.136603,0.0,-1.90095240877553,47,81,34,63.8,13.44,47,10.811,207.2,196.389,82.926952,57.6927616,10.811,164,80,128.4,35.52,1.6,2.33,0.73,1.922,0.2576,1.6,1,1,1.6,0.48,1,2,2,0.8,0.64,10,10,3.6,2.88,14,14,2.8,4.48,28,25,8.8,7.68,1,1,0.4,0.48,2.8,2.24,6,6,2.4,2.88,4,7,3,5.6,1.12,5,1.6,0.8,3.6,2.8,0.181818181818182,0.0909090909090909,0.409090909090909,0.318181818181818,0.970213272872947,0.266897594919487
82609473,2,5,-0.136603,2,5,-0.136603,0.0,-1.87753863737669,47,83,36,64.2,13.76,47,10.811,92.90638,82.09538,47.6817044,36.17974048,10.811,164,80,120.6,34.72,1.6,2.19,0.59,1.894,0.2352,1.6,1,1,1.6,0.48,1,3,3,1.0,0.8,4,4,1.6,1.92,0,0,0.0,0.0,5,2,4.2,0.96,1,1,0.4,0.48,2.6,2.08,6,6,2.4,2.88,3,7,4,5.4,1.28,5,1.6,1.0,1.6,0.0,0.380952380952381,0.238095238095238,0.380952380952381,0.0,0.292538118553825,0.223249411608884
58319420,2,5,-0.136603,2,5,-0.136603,0.0,-1.94009948876224,47,88,41,65.2,14.56,47,10.811,92.90638,82.09538,47.899952,36.0051424,10.811,164,80,120.2,35.04,1.6,2.58,0.98,1.972,0.2976,1.6,1,1,1.6,0.48,1,4,4,1.2,1.12,4,4,1.6,1.92,0,0,0.0,0.0,6,3,4.4,1.12,1,1,0.4,0.48,2.4,2.08,6,6,2.4,2.88,2,7,5,5.2,1.44,5,1.6,1.2,1.6,0.0,0.363636363636364,0.272727272727273,0.363636363636364,0.0,18566250.8500367,0.22212213093825
70264158,2,5,-0.136603,2,5,-0.136603,0.0,-1.78269645537565,47,72,25,61.6,11.68,47,10.811,112.411,101.6,63.969152,42.5265216,10.811,164,80,128.0,35.2,1.6,2.04,0.44,1.794,0.1968,1.6,1,1,1.6,0.48,1,1,1,0.4,0.48,10,10,3.6,2.88,0,0,0.0,0.0,12,9,5.6,2.56,1,1,0.4,0.48,2.0,2.4,6,6,2.4,2.88,0,7,7,4.8,1.92,5,1.6,0.4,3.6,0.0,0.285714285714286,0.0714285714285714,0.642857142857143,0.0,0.704142643290863,0.23969492120604
16094873,2,5,-0.136603,2,5,-0.136603,0.0,-1.8073229981054,47,74,27,62.4,12.32,47,10.811,92.90638,82.09538,55.431552,35.6964416,10.811,164,80,123.6,32.32,1.6,2.04,0.44,1.818,0.1776,1.6,1,1,1.6,0.48,1,1,1,0.6,0.48,10,10,3.6,2.88,0,0,0.0,0.0,13,10,5.8,2.88,1,1,0.4,0.48,3.0,2.4,6,6,2.4,2.88,5,7,2,5.8,0.96,5,1.6,0.6,3.6,0.0,0.275862068965517,0.103448275862069,0.620689655172414,0.0,0.523192079226391,0.215484846803291
27159836,2,5,-0.136603,2,5,-0.136603,0.0,-1.84560718194035,47,79,32,63.4,13.12,47,10.811,92.90638,82.09538,56.014952,36.1631616,10.811,164,80,123.2,32.64,1.6,2.04,0.44,1.858,0.2064,1.6,1,1,1.6,0.48,1,2,2,0.8,0.64,10,10,3.6,2.88,0,0,0.0,0.0,14,11,6.0,3.2,1,1,0.4,0.48,2.8,2.24,6,6,2.4,2.88,4,7,3,5.6,1.12,5,1.6,0.8,3.6,0.0,0.266666666666667,0.133333333333333,0.6,0.0,0.431249198448736,0.213576950562855
47812905,2,5,-0.136603,2,5,-0.136603,0.0,-1.80129175232401,47,75,28,62.6,12.48,47,10.811,114.818,104.007,64.450552,42.9116416,10.811,164,80,127.6,34.88,1.6,2.04,0.44,1.812,0.1824,1.6,1,1,1.6,0.48,1,1,1,0.6,0.48,10,10,3.6,2.88,0,0,0.0,0.0,13,10,5.8,2.88,1,1,0.4,0.48,3.0,2.4,6,6,2.4,2.88,5,7,2,5.8,0.96,5,1.6,0.6,3.6,0.0,0.275862068965517,0.103448275862069,0.620689655172414,0.0,0.776618913699779,0.236906211638506
52948361,2,5,-0.136603,2,5,-0.136603,0.0,-1.82494920190639,47,78,31,63.2,12.96,47,10.811,92.90638,82.09538,47.104052,36.6418624,10.811,164,80,121.4,34.08,1.6,2.04,0.44,1.836,0.1888,1.6,1,1,1.6,0.48,1,2,2,0.8,0.64,4,4,1.6,1.92,0,0,0.0,0.0,5,2,4.0,0.8,1,1,0.4,0.48,2.8,2.24,6,6,2.4,2.88,4,7,3,5.6,1.12,5,1.6,0.8,1.6,0.0,0.4,0.2,0.4,0.0,0.365944924105601,0.215864849236958
40568932,2,5,-0.136603,2,5,-0.136603,0.0,-1.83633230437501,47,80,33,63.6,13.28,47,10.811,118.71,107.899,65.228952,43.5343616,10.811,164,80,127.0,34.4,1.6,2.04,0.44,1.848,0.1984,1.6,1,1,1.6,0.48,1,2,2,0.8,0.64,10,10,3.6,2.88,0,0,0.0,0.0,14,11,6.0,3.2,1,1,0.4,0.48,2.8,2.24,6,6,2.4,2.88,4,7,3,5.6,1.12,5,1.6,0.8,3.6,0.0,0.266666666666667,0.133333333333333,0.6,0.0,0.64460823773896,0.236906211638506
43208516,2,5,-0.136603,2,5,-0.136603,0.0,-1.76767761775393,47,76,29,62.8,12.64,47,10.811,204.3833,193.5723,82.363612,57.2420896,10.811,164,80,128.2,35.36,1.6,2.04,0.44,1.78,0.208,1.6,1,1,1.6,0.48,1,1,1,0.6,0.48,10,10,3.6,2.88,14,14,2.8,4.48,27,24,8.6,7.36,1,1,0.4,0.48,3.0,2.4,6,6,2.4,2.88,5,7,2,5.8,0.96,5,1.6,0.6,3.6,2.8,0.186046511627907,0.0697674418604651,0.418604651162791,0.325581395348837,1.07370160702509,0.26343055108671
97428650,2,5,-0.136603,2,5,-0.136603,0.0,-1.77417660789299,47,72,25,61.4,11.52,47,10.811,92.90638,82.09538,54.562952,35.0015616,10.811,164,80,123.6,32.32,1.6,2.04,0.44,1.786,0.2032,1.6,1,1,1.6,0.48,1,1,1,0.4,0.48,10,10,3.6,2.88,0,0,0.0,0.0,12,9,5.6,2.56,1,1,0.4,0.48,2.0,2.4,6,6,2.4,2.88,0,7,7,4.8,1.92,5,1.6,0.4,3.6,0.0,0.285714285714286,0.0714285714285714,0.642857142857143,0.0,0.568454316382676,0.219909966516167
20819547,2,33,-0.197497,2,33,-0.197497,0.0,-2.01352354604029,61,84,23,70.0,7.2,61,10.811,74.9216,64.1106,42.78608,25.580064,10.811,124,40,107.0,18.4,1.91,2.18,0.27,2.016,0.0848,1.91,2,0,2.0,0.0,2,3,3,1.0,0.8,10,10,5.2,4.16,0,0,0.0,0.0,15,12,8.2,4.16,0,0,0.0,0.0,2.6,2.08,2,2,0.8,0.96,2,5,3,3.4,1.28,2,2.0,1.0,5.2,0.0,0.24390243902439,0.121951219512195,0.634146341463415,0.0,0.888793236937251,0.159233637725358
74920653,1,28,-0.210764,2,82,-0.141831,0.068933,-2.04049999513884,61,81,20,69.4,6.72,61,10.811,207.2,196.389,69.24176,55.183296,10.811,146,62,112.4,22.72,1.91,2.33,0.42,2.046,0.1136,1.91,2,0,2.0,0.0,2,2,2,0.8,0.64,10,10,5.2,4.16,14,14,2.8,4.48,28,25,10.8,6.88,0,0,0.0,0.0,2.8,2.24,2,2,0.8,0.96,2,5,3,3.6,1.28,2,2.0,0.8,5.2,2.8,0.185185185185185,0.074074074074074,0.481481481481481,0.259259259259259,9.59571202536925,0.263570544455797
72015384,2,15,-0.20608,2,15,-0.20608,0.0,-2.01536743516262,61,83,22,69.8,7.04,61,10.811,58.6934,47.8824,33.9965124,19.75751008,10.811,124,40,104.6,16.48,1.91,2.19,0.28,2.018,0.0864,1.91,2,0,2.0,0.0,2,3,3,1.0,0.8,8,8,3.2,3.84,0,0,0.0,0.0,10,7,6.2,3.04,0,0,0.0,0.0,2.6,2.08,2,2,0.8,0.96,2,5,3,3.4,1.28,2,2.0,1.0,3.2,0.0,0.32258064516129,0.161290322580645,0.516129032258065,0.0,0.566165363862196,0.161428299141188
46752830,2,16,-0.261676,1,28,-0.210764,0.050912,-2.08252083487887,61,88,27,70.8,7.84,61,10.811,58.6934,47.8824,34.21476,19.582912,10.811,124,40,104.2,16.16,1.91,2.58,0.67,2.096,0.1936,1.91,2,0,2.0,0.0,2,4,4,1.2,1.12,8,8,3.2,3.84,0,0,0.0,0.0,10,7,6.4,2.88,0,0,0.0,0.0,2.4,2.08,2,2,0.8,0.96,2,5,3,3.2,1.44,2,2.0,1.2,3.2,0.0,0.3125,0.1875,0.5,0.0,14980827.0041476,0.160727595430146
50648317,1,28,-0.210764,2,32,-0.149882,0.060882,-1.98109191392292,61,79,18,69.0,6.4,61,10.811,72.64,61.829,42.32976,25.215008,10.811,124,40,107.2,18.56,1.91,2.04,0.13,1.982,0.0576,1.91,2,0,2.0,0.0,2,2,2,0.8,0.64,10,10,5.2,4.16,0,0,0.0,0.0,14,11,8.0,4.0,0,0,0.0,0.0,2.8,2.24,2,2,0.8,0.96,2,5,3,3.6,1.28,2,2.0,0.8,5.2,0.0,0.25,0.1,0.65,0.0,0.712870614675877,0.158885978904878
59806341,1,28,-0.210764,2,50,-0.14445,0.066314,-1.9711361740845,61,80,19,69.2,6.56,61,10.811,118.71,107.899,51.54376,32.586208,10.811,139,55,111.0,21.6,1.91,2.04,0.13,1.972,0.0544,1.91,2,0,2.0,0.0,2,2,2,0.8,0.64,10,10,5.2,4.16,0,0,0.0,0.0,14,11,8.0,4.0,0,0,0.0,0.0,2.8,2.24,2,2,0.8,0.96,2,5,3,3.6,1.28,2,2.0,0.8,5.2,0.0,0.25,0.1,0.65,0.0,1.39573235634829,0.21990216824065
47098521,2,5,-0.136603,2,5,-0.136603,0.0,-1.65437060737829,11,73,62,47.8,29.44,11,10.811,44.955912,34.144912,27.70307252,13.802271584,10.811,170,86,125.8,35.36,1.36,2.04,0.68,1.682,0.2864,1.36,2,0,2.0,0.0,2,1,1,0.6,0.48,1,1,0.4,0.48,0,0,0.0,0.0,3,0,3.0,0.0,0,0,0.0,0.0,3.0,2.4,9,9,3.6,4.32,5,9,4,6.6,1.92,5,2.0,0.6,0.4,0.0,0.666666666666667,0.2,0.133333333333333,0.0,0.342878481789598,0.262924903061244
96302148,2,5,-0.136603,2,5,-0.136603,0.0,-1.75775737607006,11,84,73,50.0,31.2,11,10.811,74.9216,64.1106,37.2910848,21.18406784,10.811,170,86,125.4,35.68,1.36,2.18,0.82,1.796,0.3488,1.36,2,0,2.0,0.0,2,3,3,1.0,0.8,10,10,2.4,3.04,0,0,0.0,0.0,15,12,5.4,3.84,0,0,0.0,0.0,2.6,2.08,9,9,3.6,4.32,3,9,6,6.2,2.24,5,2.0,1.0,2.4,0.0,0.37037037037037,0.185185185185185,0.444444444444444,0.0,0.291548331526338,0.271013549918708
39062841,2,82,-0.141831,2,5,-0.136603,0.005228,-1.78130716394139,11,81,70,49.4,30.72,11,10.811,207.2,196.389,63.7467648,57.38129408,10.811,170,86,130.8,37.44,1.36,2.33,0.97,1.826,0.3728,1.36,2,0,2.0,0.0,2,2,2,0.8,0.64,10,10,2.4,3.04,14,14,2.8,4.48,28,25,8.0,8.0,0,0,0.0,0.0,2.8,2.24,9,9,3.6,4.32,4,9,5,6.4,2.08,5,2.0,0.8,2.4,2.8,0.25,0.1,0.3,0.35,0.407678335846539,0.285329741988027
93481752,2,5,-0.136603,2,5,-0.136603,0.0,-1.75936704669537,11,83,72,49.8,31.04,11,10.811,44.955912,34.144912,28.5015172,14.15241376,10.811,170,86,123.0,37.6,1.36,2.19,0.83,1.798,0.3504,1.36,2,0,2.0,0.0,2,3,3,1.0,0.8,1,1,0.4,0.48,0,0,0.0,0.0,5,2,3.4,0.64,0,0,0.0,0.0,2.6,2.08,9,9,3.6,4.32,3,9,6,6.2,2.24,5,2.0,1.0,0.4,0.0,0.588235294117647,0.294117647058823,0.117647058823529,0.0,0.213371171222696,0.285289029116658
18952376,2,5,-0.136603,2,5,-0.136603,0.0,-1.81799034112447,11,88,77,50.8,31.84,11,10.811,44.955912,34.144912,28.7197648,14.32701184,10.811,170,86,122.6,37.92,1.36,2.58,1.22,1.876,0.4128,1.36,2,0,2.0,0.0,2,4,4,1.2,1.12,1,1,0.4,0.48,0,0,0.0,0.0,6,3,3.6,0.96,0,0,0.0,0.0,2.4,2.08,9,9,3.6,4.32,2,9,7,6.0,2.4,5,2.0,1.2,0.4,0.0,0.555555555555556,0.333333333333333,0.111111111111111,0.0,15282535.8600639,0.283945535334322
61487350,2,5,-0.136603,2,5,-0.136603,0.0,-1.6704941967164,11,72,61,47.2,28.96,11,10.811,112.411,101.6,44.7889648,27.18237184,10.811,170,86,130.4,37.12,1.36,2.04,0.68,1.698,0.2736,1.36,2,0,2.0,0.0,2,1,1,0.4,0.48,10,10,2.4,3.04,0,0,0.0,0.0,12,9,4.8,2.88,0,0,0.0,0.0,2.0,2.4,9,9,3.6,4.32,0,9,9,5.6,2.72,5,2.0,0.4,2.4,0.0,0.416666666666667,0.0833333333333333,0.5,0.0,0.384932068446988,0.270037699039819
40236598,2,5,-0.136603,2,5,-0.136603,0.0,-1.69357075391219,11,74,63,48.0,29.6,11,10.811,69.723,58.912,36.2513648,20.35229184,10.811,170,86,126.0,35.2,1.36,2.04,0.68,1.722,0.2896,1.36,2,0,2.0,0.0,2,1,1,0.6,0.48,10,10,2.4,3.04,0,0,0.0,0.0,13,10,5.0,3.2,0,0,0.0,0.0,3.0,2.4,9,9,3.6,4.32,5,9,4,6.6,1.92,5,2.0,0.6,2.4,0.0,0.4,0.12,0.48,0.0,0.333024784304493,0.26253183938881
51398260,2,32,-0.149882,2,5,-0.136603,0.0132789999999999,-1.72944534530966,11,79,68,49.0,30.4,11,10.811,72.64,61.829,36.8347648,20.81901184,10.811,170,86,125.6,35.52,1.36,2.04,0.68,1.762,0.3216,1.36,2,0,2.0,0.0,2,2,2,0.8,0.64,10,10,2.4,3.04,0,0,0.0,0.0,14,11,5.2,3.52,0,0,0.0,0.0,2.8,2.24,9,9,3.6,4.32,4,9,5,6.4,2.08,5,2.0,0.8,2.4,0.0,0.384615384615385,0.153846153846154,0.461538461538462,0.0,0.29038624684112,0.271865037327236
12507849,2,5,-0.136603,2,5,-0.136603,0.0,-1.68791911252008,11,75,64,48.2,29.76,11,10.811,114.818,104.007,45.2703648,27.81905408,10.811,170,86,130.0,36.8,1.36,2.04,0.68,1.716,0.2848,1.36,2,0,2.0,0.0,2,1,1,0.6,0.48,10,10,2.4,3.04,0,0,0.0,0.0,13,10,5.0,3.2,0,0,0.0,0.0,3.0,2.4,9,9,3.6,4.32,5,9,4,6.6,1.92,5,2.0,0.6,2.4,0.0,0.4,0.12,0.48,0.0,0.393318108064085,0.268719638579442
87196024,2,14,-0.153293,2,5,-0.136603,0.01669,-1.71008757093447,11,78,67,48.8,30.24,11,10.811,44.955912,34.144912,27.9238648,13.69029184,10.811,170,86,123.8,36.96,1.36,2.04,0.68,1.74,0.304,1.36,2,0,2.0,0.0,2,2,2,0.8,0.64,1,1,0.4,0.48,0,0,0.0,0.0,4,1,3.2,0.32,0,0,0.0,0.0,2.8,2.24,9,9,3.6,4.32,4,9,5,6.4,2.08,5,2.0,0.8,0.4,0.0,0.625,0.25,0.125,0.0,0.27715448054107,0.275682924715776
41267093,2,50,-0.14445,2,5,-0.136603,0.0078469999999999,-1.72075422512404,11,80,69,49.2,30.56,11,10.811,118.71,107.899,46.0487648,29.06449408,10.811,170,86,129.4,36.32,1.36,2.04,0.68,1.752,0.3136,1.36,2,0,2.0,0.0,2,2,2,0.8,0.64,10,10,2.4,3.04,0,0,0.0,0.0,14,11,5.2,3.52,0,0,0.0,0.0,2.8,2.24,9,9,3.6,4.32,4,9,5,6.4,2.08,5,2.0,0.8,2.4,0.0,0.384615384615385,0.153846153846154,0.461538461538462,0.0,0.353268177303506,0.268719638579442
32156478,2,5,-0.136603,2,5,-0.136603,0.0,-1.65642063920588,11,76,65,48.4,29.92,11,10.811,204.3833,193.5723,63.1834248,56.47995008,10.811,170,86,130.6,37.28,1.36,2.04,0.68,1.684,0.2848,1.36,2,0,2.0,0.0,2,1,1,0.6,0.48,10,10,2.4,3.04,14,14,2.8,4.48,27,24,7.8,7.68,0,0,0.0,0.0,3.0,2.4,9,9,3.6,4.32,5,9,4,6.6,1.92,5,2.0,0.6,2.4,2.8,0.256410256410256,0.0769230769230769,0.307692307692308,0.358974358974359,0.439567378763199,0.283191991556316
59230168,2,5,-0.136603,2,5,-0.136603,0.0,-1.66251058529798,11,72,61,47.0,28.8,11,10.811,65.38,54.569,35.3827648,19.65741184,10.811,170,86,126.0,35.2,1.36,2.04,0.68,1.69,0.28,1.36,2,0,2.0,0.0,2,1,1,0.4,0.48,10,10,2.4,3.04,0,0,0.0,0.0,12,9,4.8,2.88,0,0,0.0,0.0,2.0,2.4,9,9,3.6,4.32,0,9,9,5.6,2.72,5,2.0,0.4,2.4,0.0,0.416666666666667,0.0833333333333333,0.5,0.0,0.366119213900118,0.262760287619724
20456318,3,42,-0.153347,3,42,-0.153347,0.0,-2.05771056603701,50,78,28,64.4,11.52,50,10.811,95.96,85.149,48.3255,38.1076,10.811,154,70,117.4,29.28,1.9,2.16,0.26,2.06,0.08,2.04,1,1,1.6,0.48,1,2,2,0.8,0.64,5,5,2.0,2.4,0,0,0.0,0.0,6,3,4.4,1.28,1,1,0.4,0.48,2.8,2.24,5,5,2.0,2.4,4,6,2,5.2,0.64,5,1.6,0.8,2.0,0.0,0.363636363636364,0.181818181818182,0.454545454545454,0.0,0.570417368686181,0.202578196402434
58346072,1,45,-0.154624,1,45,-0.154624,0.0,-2.10269714952129,59,78,19,68.0,7.2,59,10.811,102.9055,92.0945,51.1037,41.44144,10.811,142,58,112.6,23.52,1.9,2.28,0.38,2.108,0.1376,2.04,1,1,1.6,0.48,1,2,2,0.8,0.64,8,8,3.2,3.84,0,0,0.0,0.0,9,6,5.6,2.72,1,1,0.4,0.48,2.8,2.24,2,2,0.8,0.96,3,5,2,4.0,0.8,3,1.6,0.8,3.2,0.0,0.285714285714286,0.142857142857143,0.571428571428572,0.0,0.541036774690033,0.178885438199983
63175049,3,44,-0.210375,2,14,-0.153293,0.0570819999999999,-2.07286901348452,56,78,22,66.8,8.64,56,10.811,101.07,90.259,50.3695,40.5604,10.811,146,62,114.2,25.44,1.9,2.2,0.3,2.076,0.0992000000000001,2.04,1,1,1.6,0.48,1,2,2,0.8,0.64,7,7,2.8,3.36,0,0,0.0,0.0,8,5,5.2,2.24,1,1,0.4,0.48,2.8,2.24,3,3,1.2,1.44,4,5,1,4.4,0.48,4,1.6,0.8,2.8,0.0,0.307692307692308,0.153846153846154,0.538461538461538,0.0,0.635704506188481,0.185701388442046
94130527,3,74,-0.220603,3,74,-0.220603,0.0,-2.13190372465337,51,78,27,64.8,11.04,51,10.811,183.84,173.029,83.4775,80.29,10.811,162,78,120.6,33.12,1.9,2.36,0.46,2.14,0.176,2.04,2,0,2.0,0.0,2,2,2,0.8,0.64,4,4,1.6,1.92,14,14,5.6,6.72,20,17,10.0,8.0,0,0,0.0,0.0,2.8,2.24,6,6,2.4,2.88,4,6,2,5.2,0.64,5,2.0,0.8,1.6,5.6,0.2,0.08,0.16,0.56,0.705593225748357,0.189097130479147
81437256,1,28,-0.210764,2,14,-0.153293,0.0574709999999999,-1.95891744602762,61,78,17,68.8,6.24,61,10.811,58.6934,47.8824,33.41886,20.219632,10.811,124,40,105.4,17.12,1.9,2.04,0.14,1.96,0.0640000000000001,1.91,2,0,2.0,0.0,2,2,2,0.8,0.64,8,8,3.2,3.84,0,0,0.0,0.0,10,7,6.0,3.2,0,0,0.0,0.0,2.8,2.24,2,2,0.8,0.96,2,5,3,3.6,1.28,2,2.0,0.8,3.2,0.0,0.333333333333333,0.133333333333333,0.533333333333333,0.0,0.528762225219544,0.158331148245701
12374650,3,43,-0.270262,3,43,-0.270262,0.0,-1.95480853942957,53,78,25,65.6,10.08,53,10.811,98.0,87.189,49.1415,39.0868,10.811,147,63,114.6,25.92,1.9,2.04,0.14,1.956,0.0672,1.9,2,0,2.0,0.0,2,2,2,0.8,0.64,5,5,2.0,2.4,0,0,0.0,0.0,7,4,4.8,1.76,0,0,0.0,0.0,2.8,2.24,5,5,2.0,2.4,4,5,1,4.8,0.32,5,2.0,0.8,2.0,0.0,0.416666666666667,0.166666666666667,0.416666666666667,0.0,0.604215235099434,0.192483463542617
83764925,3,42,-0.153347,3,42,-0.153347,0.0,-2.07054551519587,50,80,30,64.8,11.84,50,10.811,118.71,107.899,66.4504,44.51152,10.811,154,70,123.0,31.2,1.96,2.16,0.2,2.072,0.0704,2.04,1,1,1.6,0.48,1,2,2,0.8,0.64,10,10,4.0,3.2,0,0,0.0,0.0,14,11,6.4,3.04,1,1,0.4,0.48,2.8,2.24,5,5,2.0,2.4,4,6,2,5.2,0.64,5,1.6,0.8,4.0,0.0,0.25,0.125,0.625,0.0,2.00866617599105,0.23160277792655
10378294,1,45,-0.154624,1,45,-0.154624,0.0,-2.11581270204653,59,80,21,68.4,7.52,59,10.811,118.71,107.899,69.2286,46.73408,10.811,142,58,118.2,27.36,1.96,2.28,0.32,2.12,0.128,2.04,1,1,1.6,0.48,1,2,2,0.8,0.64,10,10,5.2,4.16,0,0,0.0,0.0,14,11,7.6,3.68,1,1,0.4,0.48,2.8,2.24,2,2,0.8,0.96,3,5,2,4.0,0.8,3,1.6,0.8,5.2,0.0,0.210526315789474,0.105263157894737,0.684210526315789,0.0,1.17855996354116,0.224103641018935
40596718,3,44,-0.210375,1,44,-0.152834,0.057541,-2.08579851330834,56,80,24,67.2,8.96,56,10.811,118.71,107.899,68.4944,46.14672,10.811,146,62,119.8,28.64,1.96,2.2,0.24,2.088,0.0896,2.04,1,1,1.6,0.48,1,2,2,0.8,0.64,10,10,4.8,3.84,0,0,0.0,0.0,14,11,7.2,3.36,1,1,0.4,0.48,2.8,2.24,3,3,1.2,1.44,4,5,1,4.4,0.48,4,1.6,0.8,4.8,0.0,0.222222222222222,0.111111111111111,0.666666666666667,0.0,2.19583091393448,0.225986928334126
31879054,3,74,-0.220603,3,74,-0.220603,0.0,-2.14520145290007,51,80,29,65.2,11.36,51,10.811,183.84,173.029,101.6024,72.63312,10.811,162,78,126.2,33.76,1.96,2.36,0.4,2.152,0.1664,2.04,2,0,2.0,0.0,2,2,2,0.8,0.64,10,10,3.6,2.88,14,14,5.6,6.72,20,17,12.0,7.2,0,0,0.0,0.0,2.8,2.24,6,6,2.4,2.88,4,6,2,5.2,0.64,5,2.0,0.8,3.6,5.6,0.166666666666667,0.0666666666666666,0.3,0.466666666666667,4.05997813520721,0.227010205999232
13658924,3,73,-0.182464,3,73,-0.182464,0.0,-1.72049631113082,48,73,25,62.6,11.68,48,10.811,180.94788,170.13688,82.09985972,79.078416224,10.811,170,86,125.8,35.36,1.5,2.04,0.54,1.738,0.2416,1.5,2,0,2.0,0.0,2,1,1,0.6,0.48,3,3,1.2,1.44,14,14,5.6,6.72,19,16,9.4,7.68,0,0,0.0,0.0,3.0,2.4,7,7,2.8,3.36,5,7,2,5.8,0.96,5,2.0,0.6,1.2,5.6,0.212765957446809,0.0638297872340425,0.127659574468085,0.595744680851064,0.52699042429335,0.224959401996074
89231046,3,73,-0.182464,3,73,-0.182464,0.0,-1.82801548087466,48,84,36,64.8,13.44,48,10.811,180.94788,170.13688,91.687872,71.4080064,10.811,170,86,125.4,35.68,1.5,2.18,0.68,1.852,0.2816,1.5,2,0,2.0,0.0,2,3,3,1.0,0.8,10,10,3.2,2.72,14,14,5.6,6.72,19,16,11.8,7.04,0,0,0.0,0.0,2.6,2.08,7,7,2.8,3.36,3,7,4,5.4,1.28,5,2.0,1.0,3.2,5.6,0.169491525423729,0.0847457627118644,0.271186440677966,0.474576271186441,0.474026736087809,0.21943403815018
15780629,3,73,-0.182464,3,73,-0.182464,0.0,-1.8525065610352,48,81,33,64.2,12.96,48,10.811,207.2,196.389,118.143552,85.8660416,10.811,170,86,130.8,37.44,1.5,2.33,0.83,1.882,0.3056,1.5,2,0,2.0,0.0,2,2,2,0.8,0.64,10,10,3.2,2.72,14,14,8.4,6.72,28,25,14.4,9.12,0,0,0.0,0.0,2.8,2.24,7,7,2.8,3.36,4,7,3,5.6,1.12,5,2.0,0.8,3.2,8.4,0.138888888888889,0.0555555555555555,0.222222222222222,0.583333333333333,1.03338363304729,0.268231694971903
60573841,3,73,-0.182464,3,73,-0.182464,0.0,-1.82968949053165,48,83,35,64.6,13.28,48,10.811,180.94788,170.13688,82.8983044,78.43966048,10.811,170,86,123.0,37.6,1.5,2.19,0.69,1.854,0.2832,1.5,2,0,2.0,0.0,2,3,3,1.0,0.8,3,3,1.2,1.44,14,14,5.6,6.72,19,16,9.8,7.36,0,0,0.0,0.0,2.6,2.08,7,7,2.8,3.36,3,7,4,5.4,1.28,5,2.0,1.0,1.2,5.6,0.204081632653061,0.102040816326531,0.122448979591837,0.571428571428571,0.322589688283418,0.230129272900225
79631548,3,73,-0.182464,3,73,-0.182464,0.0,-1.89065597613153,48,88,40,65.6,14.08,48,10.811,180.94788,170.13688,83.116552,78.2650624,10.811,170,86,122.6,37.92,1.5,2.58,1.08,1.932,0.3456,1.5,2,0,2.0,0.0,2,4,4,1.2,1.12,3,3,1.2,1.44,14,14,5.6,6.72,19,16,10.0,7.2,0,0,0.0,0.0,2.4,2.08,7,7,2.8,3.36,2,7,5,5.2,1.44,5,2.0,1.2,1.2,5.6,0.2,0.12,0.12,0.56,20460701.8057903,0.228970658178648
18967543,3,73,-0.182464,3,73,-0.182464,0.0,-1.73726436531087,48,72,24,62.0,11.2,48,10.811,180.94788,170.13688,99.185752,70.6998016,10.811,170,86,130.4,37.12,1.5,2.04,0.54,1.754,0.2288,1.5,2,0,2.0,0.0,2,1,1,0.4,0.48,10,10,3.2,2.72,14,14,5.6,6.72,19,16,11.2,6.56,0,0,0.0,0.0,2.0,2.4,7,7,2.8,3.36,0,7,7,4.8,1.92,5,2.0,0.4,3.2,5.6,0.178571428571428,0.0357142857142857,0.285714285714286,0.5,0.75660629387398,0.242402175575985
38960417,3,73,-0.182464,3,73,-0.182464,0.0,-1.76126329961972,48,74,26,62.8,11.84,48,10.811,180.94788,170.13688,90.648152,72.2397824,10.811,170,86,126.0,35.2,1.5,2.04,0.54,1.778,0.2224,1.5,2,0,2.0,0.0,2,1,1,0.6,0.48,10,10,3.2,2.72,14,14,5.6,6.72,19,16,11.4,6.72,0,0,0.0,0.0,3.0,2.4,7,7,2.8,3.36,5,7,2,5.8,0.96,5,2.0,0.6,3.2,5.6,0.175438596491228,0.0526315789473684,0.280701754385965,0.491228070175439,0.566707928139579,0.220290212623661
94528706,3,73,-0.182464,3,73,-0.182464,0.0,-1.79857180950705,48,79,31,63.8,12.64,48,10.811,180.94788,170.13688,91.231552,71.7730624,10.811,170,86,125.6,35.52,1.5,2.04,0.54,1.818,0.2544,1.5,2,0,2.0,0.0,2,2,2,0.8,0.64,10,10,3.2,2.72,14,14,5.6,6.72,19,16,11.6,6.88,0,0,0.0,0.0,2.8,2.24,7,7,2.8,3.36,4,7,3,5.6,1.12,5,2.0,0.8,3.2,5.6,0.172413793103448,0.0689655172413793,0.275862068965517,0.482758620689655,0.468844472683538,0.219920534778184
41085739,3,73,-0.182464,3,73,-0.182464,0.0,-1.75538576037695,48,75,27,63.0,12.0,48,10.811,180.94788,170.13688,99.667152,71.0849216,10.811,170,86,130.0,36.8,1.5,2.04,0.54,1.772,0.2176,1.5,2,0,2.0,0.0,2,1,1,0.6,0.48,10,10,3.2,2.72,14,14,5.6,6.72,19,16,11.4,6.72,0,0,0.0,0.0,3.0,2.4,7,7,2.8,3.36,5,7,2,5.8,0.96,5,2.0,0.6,3.2,5.6,0.175438596491228,0.0526315789473684,0.280701754385965,0.491228070175439,0.833332178756017,0.239789643170869
74920568,3,73,-0.182464,3,73,-0.182464,0.0,-1.77844029891583,48,78,30,63.6,12.48,48,10.811,180.94788,170.13688,82.320652,78.9017824,10.811,170,86,123.8,36.96,1.5,2.04,0.54,1.796,0.2368,1.5,2,0,2.0,0.0,2,2,2,0.8,0.64,3,3,1.2,1.44,14,14,5.6,6.72,19,16,9.6,7.52,0,0,0.0,0.0,2.8,2.24,7,7,2.8,3.36,4,7,3,5.6,1.12,5,2.0,0.8,1.2,5.6,0.208333333333333,0.0833333333333333,0.125,0.583333333333333,0.399204245660263,0.222425579695966
69578014,3,73,-0.182464,3,73,-0.182464,0.0,-1.78953330256533,48,80,32,64.0,12.8,48,10.811,180.94788,170.13688,100.445552,71.7076416,10.811,170,86,129.4,36.32,1.5,2.04,0.54,1.808,0.2464,1.5,2,0,2.0,0.0,2,2,2,0.8,0.64,10,10,3.2,2.72,14,14,5.6,6.72,19,16,11.6,6.88,0,0,0.0,0.0,2.8,2.24,7,7,2.8,3.36,4,7,3,5.6,1.12,5,2.0,0.8,3.2,5.6,0.172413793103448,0.0689655172413793,0.275862068965517,0.482758620689655,0.694403321193282,0.239789643170869
56489170,3,73,-0.182464,3,73,-0.182464,0.0,-1.72262828336325,48,76,28,63.2,12.16,48,10.811,204.3833,193.5723,117.580212,85.4153696,10.811,170,86,130.6,37.28,1.5,2.04,0.54,1.74,0.24,1.5,2,0,2.0,0.0,2,1,1,0.6,0.48,10,10,3.2,2.72,14,14,8.4,6.72,27,24,14.2,8.96,0,0,0.0,0.0,3.0,2.4,7,7,2.8,3.36,5,7,2,5.8,0.96,5,2.0,0.6,3.2,8.4,0.140845070422535,0.0422535211267605,0.225352112676056,0.591549295774648,1.13989030917737,0.264913467479685
13480652,3,73,-0.182464,3,73,-0.182464,0.0,-1.72896164648014,48,72,24,61.8,11.04,48,10.811,180.94788,170.13688,89.779552,72.9346624,10.811,170,86,126.0,35.2,1.5,2.04,0.54,1.746,0.2352,1.5,2,0,2.0,0.0,2,1,1,0.4,0.48,10,10,3.2,2.72,14,14,5.6,6.72,19,16,11.2,6.56,0,0,0.0,0.0,2.0,2.4,7,7,2.8,3.36,0,7,7,4.8,1.92,5,2.0,0.4,3.2,5.6,0.178571428571428,0.0357142857142857,0.285714285714286,0.5,0.613157593055242,0.224167492537235
93507642,3,43,-0.270262,3,43,-0.270262,0.0,-2.00930010099392,53,84,31,66.8,11.04,53,10.811,98.0,87.189,58.50872,38.158176,10.811,147,63,116.2,25.76,1.9,2.18,0.28,2.012,0.0896,1.9,2,0,2.0,0.0,2,3,3,1.0,0.8,10,10,4.0,3.2,0,0,0.0,0.0,15,12,7.0,3.2,0,0,0.0,0.0,2.6,2.08,5,5,2.0,2.4,3,5,2,4.6,0.64,5,2.0,1.0,4.0,0.0,0.285714285714286,0.142857142857143,0.571428571428571,0.0,1.06104402751222,0.1909393200764
32875906,3,43,-0.270262,3,43,-0.270262,0.0,-2.03621996592661,53,81,28,66.2,10.56,53,10.811,207.2,196.389,84.9644,59.32272,10.811,147,63,121.6,30.08,1.9,2.33,0.43,2.042,0.1152,1.9,2,0,2.0,0.0,2,2,2,0.8,0.64,10,10,4.0,3.2,14,14,2.8,4.48,28,25,9.6,7.36,0,0,0.0,0.0,2.8,2.24,5,5,2.0,2.4,4,5,1,4.8,0.32,5,2.0,0.8,4.0,2.8,0.208333333333333,0.0833333333333333,0.416666666666667,0.291666666666667,9.27912785576585,0.263665594855305
75684932,3,43,-0.270262,3,43,-0.270262,0.0,-2.0111401224861,53,83,30,66.6,10.88,53,10.811,98.0,87.189,49.7191524,38.62467808,10.811,147,63,113.8,26.56,1.9,2.19,0.29,2.014,0.0911999999999999,1.9,2,0,2.0,0.0,2,3,3,1.0,0.8,5,5,2.0,2.4,0,0,0.0,0.0,7,4,5.0,1.6,0,0,0.0,0.0,2.6,2.08,5,5,2.0,2.4,3,5,2,4.6,0.64,5,2.0,1.0,2.0,0.0,0.4,0.2,0.4,0.0,0.6520694800536,0.198506822748453
62941037,3,43,-0.270262,2,16,-0.261676,0.0085859999999999,-2.07815266529809,53,88,35,67.6,11.68,53,10.811,98.0,87.189,49.9374,38.45008,10.811,147,63,113.4,26.88,1.9,2.58,0.68,2.092,0.1952,1.9,2,0,2.0,0.0,2,4,4,1.2,1.12,5,5,2.0,2.4,0,0,0.0,0.0,7,4,5.2,1.76,0,0,0.0,0.0,2.4,2.08,5,5,2.0,2.4,2,5,3,4.4,0.96,5,2.0,1.2,2.0,0.0,0.384615384615385,0.230769230769231,0.384615384615385,0.0,17443613.2466272,0.197513870931583
23705914,3,43,-0.270262,3,43,-0.270262,0.0,-1.97693649550395,53,79,26,65.8,10.24,53,10.811,98.0,87.189,58.0524,37.79312,10.811,147,63,116.4,25.92,1.9,2.04,0.14,1.978,0.0623999999999999,1.9,2,0,2.0,0.0,2,2,2,0.8,0.64,10,10,4.0,3.2,0,0,0.0,0.0,14,11,6.8,3.04,0,0,0.0,0.0,2.8,2.24,5,5,2.0,2.4,4,5,1,4.8,0.32,5,2.0,0.8,4.0,0.0,0.294117647058823,0.117647058823529,0.588235294117647,0.0,0.855404221223361,0.191113474478257
15860437,3,43,-0.270262,3,43,-0.270262,0.0,-1.96700163822248,53,80,27,66.0,10.4,53,10.811,118.71,107.899,67.2664,45.16432,10.811,147,63,120.2,28.96,1.9,2.04,0.14,1.968,0.0576,1.9,2,0,2.0,0.0,2,2,2,0.8,0.64,10,10,4.0,3.2,0,0,0.0,0.0,14,11,6.8,3.04,0,0,0.0,0.0,2.8,2.24,5,5,2.0,2.4,4,5,1,4.8,0.32,5,2.0,0.8,4.0,0.0,0.294117647058823,0.117647058823529,0.588235294117647,0.0,2.04263359717002,0.228085323342676
30694825,3,22,-0.17001,3,22,-0.17001,0.0,-1.73870350863117,43,73,30,60.6,14.08,43,10.811,47.867,37.056,28.86750772,15.199593824,10.811,160,76,121.8,30.56,1.54,2.04,0.5,1.754,0.2288,1.54,2,0,2.0,0.0,2,1,1,0.6,0.48,2,2,0.8,0.96,0,0,0.0,0.0,4,1,3.4,0.48,0,0,0.0,0.0,3.0,2.4,8,8,3.2,3.84,5,8,3,6.2,1.44,5,2.0,0.6,0.8,0.0,0.588235294117647,0.176470588235294,0.235294117647059,0.0,0.357111979803265,0.218749796067152
10392748,3,22,-0.17001,3,22,-0.17001,0.0,-1.84736050281901,43,84,41,62.8,15.84,43,10.811,74.9216,64.1106,38.45552,22.115616,10.811,160,76,121.4,30.88,1.54,2.18,0.64,1.868,0.2624,1.54,2,0,2.0,0.0,2,3,3,1.0,0.8,10,10,2.8,2.88,0,0,0.0,0.0,15,12,5.8,3.68,0,0,0.0,0.0,2.6,2.08,8,8,3.2,3.84,3,8,5,5.8,1.76,5,2.0,1.0,2.8,0.0,0.344827586206897,0.172413793103448,0.482758620689655,0.0,0.319255351967337,0.209995949191285
43860715,3,22,-0.17001,3,22,-0.17001,0.0,-1.87211076048001,43,81,38,62.2,15.36,43,10.811,207.2,196.389,64.9112,56.91552,10.811,160,76,126.8,34.24,1.54,2.33,0.79,1.898,0.2864,1.54,2,0,2.0,0.0,2,2,2,0.8,0.64,10,10,2.8,2.88,14,14,2.8,4.48,28,25,8.4,7.84,0,0,0.0,0.0,2.8,2.24,8,8,3.2,3.84,4,8,4,6.0,1.6,5,2.0,0.8,2.8,2.8,0.238095238095238,0.0952380952380952,0.333333333333333,0.333333333333333,0.535252489872349,0.266295389153379
59481307,3,22,-0.17001,3,22,-0.17001,0.0,-1.84905222772725,43,83,40,62.6,15.68,43,10.811,47.867,37.056,29.6659524,15.08396192,10.811,160,76,119.0,32.8,1.54,2.19,0.65,1.87,0.264,1.54,2,0,2.0,0.0,2,3,3,1.0,0.8,2,2,0.8,0.96,0,0,0.0,0.0,5,2,3.8,0.64,0,0,0.0,0.0,2.6,2.08,8,8,3.2,3.84,3,8,5,5.8,1.76,5,2.0,1.0,0.8,0.0,0.526315789473684,0.263157894736842,0.210526315789474,0.0,0.225744137767845,0.219777902585687
43790281,3,22,-0.17001,3,22,-0.17001,0.0,-1.91066389276578,43,88,45,63.6,16.48,43,10.811,47.867,37.056,29.8842,15.25856,10.811,160,76,118.6,33.12,1.54,2.58,1.04,1.948,0.3264,1.54,2,0,2.0,0.0,2,4,4,1.2,1.12,2,2,0.8,0.96,0,0,0.0,0.0,6,3,4.0,0.8,0,0,0.0,0.0,2.4,2.08,8,8,3.2,3.84,2,8,6,5.6,1.92,5,2.0,1.2,0.8,0.0,0.5,0.3,0.2,0.0,15728082.658917,0.218667330678684
76415208,3,22,-0.17001,3,22,-0.17001,0.0,-1.75564901118596,43,72,29,60.0,13.6,43,10.811,112.411,101.6,45.9534,28.11392,10.811,160,76,126.4,33.92,1.54,2.04,0.5,1.77,0.216,1.54,2,0,2.0,0.0,2,1,1,0.4,0.48,10,10,2.8,2.88,0,0,0.0,0.0,12,9,5.2,2.72,0,0,0.0,0.0,2.0,2.4,8,8,3.2,3.84,0,8,8,5.2,2.24,5,2.0,0.4,2.8,0.0,0.384615384615385,0.0769230769230769,0.538461538461538,0.0,0.452961319271924,0.238398392326702
97408251,3,22,-0.17001,3,22,-0.17001,0.0,-1.77990191484885,43,74,31,60.8,14.24,43,10.811,69.723,58.912,37.4158,21.28384,10.811,160,76,122.0,30.4,1.54,2.04,0.5,1.794,0.2032,1.54,2,0,2.0,0.0,2,1,1,0.6,0.48,10,10,2.8,2.88,0,0,0.0,0.0,13,10,5.4,3.04,0,0,0.0,0.0,3.0,2.4,8,8,3.2,3.84,5,8,3,6.2,1.44,5,2.0,0.6,2.8,0.0,0.37037037037037,0.111111111111111,0.518518518518518,0.0,0.366028970809429,0.213107641729921
19743065,3,22,-0.17001,3,22,-0.17001,0.0,-1.81760524302411,43,79,36,61.8,15.04,43,10.811,72.64,61.829,37.9992,21.75056,10.811,160,76,121.6,30.72,1.54,2.04,0.5,1.834,0.2352,1.54,2,0,2.0,0.0,2,2,2,0.8,0.64,10,10,2.8,2.88,0,0,0.0,0.0,14,11,5.6,3.36,0,0,0.0,0.0,2.8,2.24,8,8,3.2,3.84,4,8,4,6.0,1.6,5,2.0,0.8,2.8,0.0,0.357142857142857,0.142857142857143,0.5,0.0,0.31941582248701,0.210390650027185
82354971,3,22,-0.17001,3,22,-0.17001,0.0,-1.77396217639233,43,75,32,61.0,14.4,43,10.811,114.818,104.007,46.4348,28.49904,10.811,160,76,126.0,33.6,1.54,2.04,0.5,1.788,0.2016,1.54,2,0,2.0,0.0,2,1,1,0.6,0.48,10,10,2.8,2.88,0,0,0.0,0.0,13,10,5.4,3.04,0,0,0.0,0.0,3.0,2.4,8,8,3.2,3.84,5,8,3,6.2,1.44,5,2.0,0.6,2.8,0.0,0.37037037037037,0.111111111111111,0.518518518518518,0.0,0.479389737186742,0.235519909704064
21064358,3,22,-0.17001,3,22,-0.17001,0.0,-1.79726069019215,43,78,35,61.6,14.88,43,10.811,47.867,37.056,29.0883,15.02296,10.811,160,76,119.8,32.16,1.54,2.04,0.5,1.812,0.2176,1.54,2,0,2.0,0.0,2,2,2,0.8,0.64,2,2,0.8,0.96,0,0,0.0,0.0,4,1,3.6,0.48,0,0,0.0,0.0,2.8,2.24,8,8,3.2,3.84,4,8,4,6.0,1.6,5,2.0,0.8,0.8,0.0,0.555555555555556,0.222222222222222,0.222222222222222,0.0,0.287086331089531,0.212563245345417
34189275,3,22,-0.17001,3,22,-0.17001,0.0,-1.80847108584477,43,80,37,62.0,15.2,43,10.811,118.71,107.899,47.2132,29.12176,10.811,160,76,125.4,33.12,1.54,2.04,0.5,1.824,0.2272,1.54,2,0,2.0,0.0,2,2,2,0.8,0.64,10,10,2.8,2.88,0,0,0.0,0.0,14,11,5.6,3.36,0,0,0.0,0.0,2.8,2.24,8,8,3.2,3.84,4,8,4,6.0,1.6,5,2.0,0.8,2.8,0.0,0.357142857142857,0.142857142857143,0.5,0.0,0.418403983504171,0.235519909704064
71248596,3,22,-0.17001,3,22,-0.17001,0.0,-1.74085804251587,43,76,33,61.2,14.56,43,10.811,204.3833,193.5723,64.34786,56.014176,10.811,160,76,126.6,34.08,1.54,2.04,0.5,1.756,0.2272,1.54,2,0,2.0,0.0,2,1,1,0.6,0.48,10,10,2.8,2.88,14,14,2.8,4.48,27,24,8.2,7.52,0,0,0.0,0.0,3.0,2.4,8,8,3.2,3.84,5,8,3,6.2,1.44,5,2.0,0.6,2.8,2.8,0.24390243902439,0.073170731707317,0.341463414634146,0.341463414634146,0.576831181484267,0.262753528539836
92057831,3,22,-0.17001,3,22,-0.17001,0.0,-1.74725842861466,43,72,29,59.8,13.44,43,10.811,65.38,54.569,36.5472,20.58896,10.811,160,76,122.0,30.4,1.54,2.04,0.5,1.762,0.2224,1.54,2,0,2.0,0.0,2,1,1,0.4,0.48,10,10,2.8,2.88,0,0,0.0,0.0,12,9,5.2,2.72,0,0,0.0,0.0,2.0,2.4,8,8,3.2,3.84,0,8,8,5.2,2.24,5,2.0,0.4,2.8,0.0,0.384615384615385,0.0769230769230769,0.538461538461538,0.0,0.400145099393166,0.217817456702727
56920873,3,42,-0.153347,3,42,-0.153347,0.0,-1.99313433360211,50,76,26,64.0,11.2,50,10.811,204.3833,193.5723,83.58506,58.219248,10.811,154,70,124.2,32.16,1.62,2.16,0.54,2.004,0.1536,2.04,1,1,1.6,0.48,1,1,1,0.6,0.48,10,10,4.0,3.2,14,14,2.8,4.48,27,24,9.0,7.2,1,1,0.4,0.48,3.0,2.4,5,5,2.0,2.4,5,6,1,5.4,0.48,5,1.6,0.6,4.0,2.8,0.177777777777778,0.0666666666666666,0.444444444444444,0.311111111111111,12.1308448063733,0.260995184744858
39720486,1,45,-0.154624,1,45,-0.154624,0.0,-2.03670912277504,59,76,17,67.6,6.88,59,10.811,204.3833,193.5723,86.36326,60.441808,10.811,145,61,119.4,28.32,1.62,2.28,0.66,2.052,0.1824,2.04,1,1,1.6,0.48,1,1,1,0.6,0.48,10,10,5.2,4.16,14,14,2.8,4.48,27,24,10.2,6.72,1,1,0.4,0.48,3.0,2.4,2,2,0.8,0.96,3,5,2,4.2,0.96,3,1.6,0.6,5.2,2.8,0.156862745098039,0.0588235294117647,0.509803921568628,0.274509803921569,2.96830206174927,0.258645214868096
27845619,3,44,-0.210375,3,44,-0.210375,0.0,-2.00781707011054,56,76,20,66.4,8.32,56,10.811,204.3833,193.5723,85.62906,59.854448,10.811,146,62,121.0,29.6,1.62,2.2,0.58,2.02,0.16,2.04,1,1,1.6,0.48,1,1,1,0.6,0.48,10,10,4.8,3.84,14,14,2.8,4.48,27,24,9.8,6.88,1,1,0.4,0.48,3.0,2.4,3,3,1.2,1.44,4,5,1,4.6,0.48,4,1.6,0.6,4.8,2.8,0.163265306122449,0.0612244897959183,0.489795918367347,0.285714285714286,19.1619475048104,0.25904940591323
23074169,3,74,-0.220603,3,74,-0.220603,0.0,-2.06499912070939,51,76,25,64.4,10.72,51,10.811,204.3833,193.5723,118.73706,86.340848,10.811,162,78,127.4,34.72,1.62,2.36,0.74,2.084,0.2208,2.04,2,0,2.0,0.0,2,1,1,0.6,0.48,10,10,3.6,2.88,14,14,8.4,6.72,27,24,14.6,9.28,0,0,0.0,0.0,3.0,2.4,6,6,2.4,2.88,5,6,1,5.4,0.48,5,2.0,0.6,3.6,8.4,0.136986301369863,0.0410958904109589,0.246575342465753,0.575342465753425,4.08316865003867,0.259334182314429
97183264,1,27,-0.204497,1,27,-0.204497,0.0,-1.8854638477918,58,76,18,67.2,7.36,58,10.811,204.3833,193.5723,68.774338,54.2435848,10.811,145,61,113.0,23.2,1.62,2.04,0.42,1.892,0.1184,1.88,2,0,2.0,0.0,2,1,1,0.6,0.48,10,10,4.8,3.84,14,14,2.8,4.48,27,24,10.2,6.72,0,0,0.0,0.0,3.0,2.4,3,3,1.2,1.44,3,5,2,4.2,0.96,3,2.0,0.6,4.8,2.8,0.196078431372549,0.0588235294117647,0.470588235294118,0.274509803921569,16.0958897272695,0.259094811964668
42368795,2,5,-0.136603,2,5,-0.136603,0.0,-1.79390031073182,49,76,27,63.6,11.68,49,10.811,204.3833,193.5723,65.9995,55.35352,10.811,145,61,118.2,27.36,1.62,2.04,0.42,1.804,0.1888,1.66,1,1,1.6,0.48,1,1,1,0.6,0.48,10,10,4.0,3.2,14,14,2.8,4.48,27,24,9.0,7.2,1,1,0.4,0.48,3.0,2.4,5,5,2.0,2.4,5,6,1,5.4,0.48,5,1.6,0.6,4.0,2.8,0.177777777777778,0.0666666666666666,0.444444444444444,0.311111111111111,13.2011328535691,0.258469753691621
42936180,1,81,-0.28502,1,81,-0.28502,0.0,-1.86524337345589,55,76,21,66.0,8.8,55,10.811,204.3833,193.5723,67.53906,54.737696,10.811,145,61,115.4,25.12,1.62,2.04,0.42,1.872,0.1344,1.83,2,0,2.0,0.0,2,1,1,0.6,0.48,10,10,4.4,3.52,14,14,2.8,4.48,27,24,9.8,6.88,0,0,0.0,0.0,3.0,2.4,4,4,1.6,1.92,4,5,1,4.6,0.48,4,2.0,0.6,4.4,2.8,0.204081632653061,0.0612244897959183,0.448979591836735,0.285714285714286,8.1265148781963,0.259094811964668
37068241,1,28,-0.210764,1,28,-0.210764,0.0,-1.8974415949515,61,76,15,68.4,5.92,61,10.811,204.3833,193.5723,68.67842,54.281952,10.811,145,61,112.2,22.56,1.62,2.04,0.42,1.904,0.1136,1.91,2,0,2.0,0.0,2,1,1,0.6,0.48,10,10,5.2,4.16,14,14,2.8,4.48,27,24,10.6,6.56,0,0,0.0,0.0,3.0,2.4,2,2,0.8,0.96,2,5,3,3.8,1.44,2,2.0,0.6,5.2,2.8,0.188679245283019,0.0566037735849056,0.490566037735849,0.264150943396226,5.98114235849709,0.258843582110896
50619347,3,43,-0.270262,3,43,-0.270262,0.0,-1.89346163637554,53,76,23,65.2,9.76,53,10.811,204.3833,193.5723,84.40106,58.872048,10.811,147,63,121.4,29.92,1.62,2.04,0.42,1.9,0.112,1.9,2,0,2.0,0.0,2,1,1,0.6,0.48,10,10,4.0,3.2,14,14,2.8,4.48,27,24,9.4,7.04,0,0,0.0,0.0,3.0,2.4,5,5,2.0,2.4,5,5,0,5.0,0.0,5,2.0,0.6,4.0,2.8,0.212765957446809,0.0638297872340425,0.425531914893617,0.297872340425532,27.7726729378627,0.259672410290298
65349018,3,23,-0.204634,3,23,-0.204634,0.0,-1.78086136275884,46,76,30,62.4,13.12,46,10.811,204.3833,193.5723,65.57766,55.522256,10.811,153,69,123.8,31.84,1.62,2.04,0.42,1.792,0.1984,1.63,2,0,2.0,0.0,2,1,1,0.6,0.48,10,10,3.2,2.72,14,14,2.8,4.48,27,24,8.6,7.36,0,0,0.0,0.0,3.0,2.4,7,7,2.8,3.36,5,7,2,5.8,0.96,5,2.0,0.6,3.2,2.8,0.232558139534884,0.0697674418604651,0.372093023255814,0.325581395348837,1.50964060536611,0.25904940591323
94185602,3,23,-0.204634,3,23,-0.204634,0.0,-1.88981115186314,46,84,38,64.0,14.4,46,10.811,74.9216,64.1106,39.68532,23.099456,10.811,153,69,118.6,27.68,1.63,2.18,0.55,1.904,0.2192,1.63,2,0,2.0,0.0,2,3,3,1.0,0.8,10,10,3.2,2.72,0,0,0.0,0.0,15,12,6.2,3.52,0,0,0.0,0.0,2.6,2.08,7,7,2.8,3.36,3,7,4,5.4,1.28,5,2.0,1.0,3.2,0.0,0.32258064516129,0.161290322580645,0.516129032258065,0.0,0.510545842433583,0.184561293402918
31254760,3,23,-0.204634,3,23,-0.204634,0.0,-1.91513014773204,46,81,35,63.4,13.92,46,10.811,207.2,196.389,66.141,56.4236,10.811,153,69,124.0,32.0,1.63,2.33,0.7,1.934,0.2432,1.63,2,0,2.0,0.0,2,2,2,0.8,0.64,10,10,3.2,2.72,14,14,2.8,4.48,28,25,8.8,7.68,0,0,0.0,0.0,2.8,2.24,7,7,2.8,3.36,4,7,3,5.6,1.12,5,2.0,0.8,3.2,2.8,0.227272727272727,0.0909090909090909,0.363636363636364,0.318181818181818,1.35812416529958,0.263192564548187
65790324,3,23,-0.204634,3,23,-0.204634,0.0,-1.89154175105729,46,83,37,63.8,14.24,46,10.811,50.9415,40.1305,30.8957524,16.06780192,10.811,153,69,116.2,29.44,1.63,2.19,0.56,1.906,0.2208,1.63,2,0,2.0,0.0,2,3,3,1.0,0.8,3,3,1.2,1.44,0,0,0.0,0.0,5,2,4.2,0.96,0,0,0.0,0.0,2.6,2.08,7,7,2.8,3.36,3,7,4,5.4,1.28,5,2.0,1.0,1.2,0.0,0.476190476190476,0.238095238095238,0.285714285714286,0.0,0.333856117899592,0.191249486918778
37049621,3,23,-0.204634,3,23,-0.204634,0.0,-1.95456919561779,46,88,42,64.8,15.04,46,10.811,50.9415,40.1305,31.114,16.2424,10.811,153,69,115.8,29.76,1.63,2.58,0.95,1.984,0.2832,1.63,2,0,2.0,0.0,2,4,4,1.2,1.12,3,3,1.2,1.44,0,0,0.0,0.0,6,3,4.4,1.12,0,0,0.0,0.0,2.4,2.08,7,7,2.8,3.36,2,7,5,5.2,1.44,5,2.0,1.2,1.2,0.0,0.454545454545454,0.272727272727273,0.272727272727273,0.0,16577077.3464955,0.190303673560118
56140738,3,23,-0.204634,3,23,-0.204634,0.0,-1.7959922143154,46,72,26,61.2,12.16,46,10.811,112.411,101.6,47.1832,29.09776,10.811,153,69,123.6,31.68,1.63,2.04,0.41,1.806,0.1872,1.63,2,0,2.0,0.0,2,1,1,0.4,0.48,10,10,3.2,2.72,0,0,0.0,0.0,12,9,5.6,2.56,0,0,0.0,0.0,2.0,2.4,7,7,2.8,3.36,0,7,7,4.8,1.92,5,2.0,0.4,3.2,0.0,0.357142857142857,0.0714285714285714,0.571428571428572,0.0,0.853738948997841,0.229617304492512
50836291,3,23,-0.204634,3,23,-0.204634,0.0,-1.82080242744773,46,74,28,62.0,12.8,46,10.811,69.723,58.912,38.6456,22.26768,10.811,153,69,119.2,28.16,1.63,2.04,0.41,1.83,0.168,1.63,2,0,2.0,0.0,2,1,1,0.6,0.48,10,10,3.2,2.72,0,0,0.0,0.0,13,10,5.8,2.88,0,0,0.0,0.0,3.0,2.4,7,7,2.8,3.36,5,7,2,5.8,0.96,5,2.0,0.6,3.2,0.0,0.344827586206897,0.103448275862069,0.551724137931034,0.0,0.596918157166706,0.194942090256101
79324150,3,23,-0.204634,3,23,-0.204634,0.0,-1.85937214350436,46,79,33,63.0,13.6,46,10.811,72.64,61.829,39.229,22.7344,10.811,153,69,118.8,27.84,1.63,2.04,0.41,1.87,0.192,1.63,2,0,2.0,0.0,2,2,2,0.8,0.64,10,10,3.2,2.72,0,0,0.0,0.0,14,11,6.0,3.2,0,0,0.0,0.0,2.8,2.24,7,7,2.8,3.36,4,7,3,5.6,1.12,5,2.0,0.8,3.2,0.0,0.333333333333333,0.133333333333333,0.533333333333333,0.0,0.485473849797417,0.184648700679445
20419573,3,23,-0.204634,3,23,-0.204634,0.0,-1.81472619925234,46,75,29,62.2,12.96,46,10.811,114.818,104.007,47.6646,29.48288,10.811,153,69,123.2,31.36,1.63,2.04,0.41,1.824,0.1728,1.63,2,0,2.0,0.0,2,1,1,0.6,0.48,10,10,3.2,2.72,0,0,0.0,0.0,13,10,5.8,2.88,0,0,0.0,0.0,3.0,2.4,7,7,2.8,3.36,5,7,2,5.8,0.96,5,2.0,0.6,3.2,0.0,0.344827586206897,0.103448275862069,0.551724137931034,0.0,0.963523172757724,0.225986928334126
62157849,3,23,-0.204634,3,23,-0.204634,0.0,-1.83856009151839,46,78,32,62.8,13.44,46,10.811,50.9415,40.1305,30.3181,16.49872,10.811,153,69,117.0,28.8,1.63,2.04,0.41,1.848,0.1744,1.63,2,0,2.0,0.0,2,2,2,0.8,0.64,3,3,1.2,1.44,0,0,0.0,0.0,5,2,4.0,0.8,0,0,0.0,0.0,2.8,2.24,7,7,2.8,3.36,4,7,3,5.6,1.12,5,2.0,0.8,1.2,0.0,0.5,0.2,0.3,0.0,0.40357554309747,0.185701388442046
43065218,3,23,-0.204634,3,23,-0.204634,0.0,-1.8500280917754,46,80,34,63.2,13.76,46,10.811,118.71,107.899,48.443,30.1056,10.811,153,69,122.6,30.88,1.63,2.04,0.41,1.86,0.184,1.63,2,0,2.0,0.0,2,2,2,0.8,0.64,10,10,3.2,2.72,0,0,0.0,0.0,14,11,6.0,3.2,0,0,0.0,0.0,2.8,2.24,7,7,2.8,3.36,4,7,3,5.6,1.12,5,2.0,0.8,3.2,0.0,0.333333333333333,0.133333333333333,0.533333333333333,0.0,0.782734066204164,0.225986928334126
61792438,3,23,-0.204634,3,23,-0.204634,0.0,-1.78740882385659,46,72,26,61.0,12.0,46,10.811,65.38,54.569,37.777,21.5728,10.811,153,69,119.2,28.16,1.63,2.04,0.41,1.798,0.1936,1.63,2,0,2.0,0.0,2,1,1,0.4,0.48,10,10,3.2,2.72,0,0,0.0,0.0,12,9,5.6,2.56,0,0,0.0,0.0,2.0,2.4,7,7,2.8,3.36,0,7,7,4.8,1.92,5,2.0,0.4,3.2,0.0,0.357142857142857,0.0714285714285714,0.571428571428572,0.0,0.652091902702618,0.202199855056514
75149062,2,5,-0.136603,2,5,-0.136603,0.0,-1.58402187368236,12,73,61,48.2,28.96,12,10.811,88.90585,78.09485,45.28304772,34.898241824,10.811,190,106,133.8,44.96,1.22,2.04,0.82,1.626,0.3312,1.22,2,0,2.0,0.0,2,1,1,0.6,0.48,1,1,0.4,0.48,0,0,0.0,0.0,3,0,3.0,0.0,0,0,0.0,0.0,3.0,2.4,9,9,3.6,4.32,5,9,4,6.6,1.92,5,2.0,0.6,0.4,0.0,0.666666666666667,0.2,0.133333333333333,0.0,0.366533090124447,0.302273053096464
52634817,2,5,-0.136603,2,5,-0.136603,0.0,-1.68301233103619,12,84,72,50.4,30.72,12,10.811,88.90585,78.09485,54.87106,35.248048,10.811,190,106,133.4,45.28,1.22,2.18,0.96,1.74,0.416,1.22,2,0,2.0,0.0,2,3,3,1.0,0.8,10,10,2.4,3.04,0,0,0.0,0.0,15,12,5.4,3.84,0,0,0.0,0.0,2.6,2.08,9,9,3.6,4.32,3,9,6,6.2,2.24,5,2.0,1.0,2.4,0.0,0.37037037037037,0.185185185185185,0.444444444444444,0.0,0.30258591654397,0.318672975713327
64021875,2,82,-0.141831,2,5,-0.136603,0.005228,-1.70556071224073,12,81,69,49.8,30.24,12,10.811,207.2,196.389,81.32674,56.412592,10.811,190,106,138.8,43.84,1.22,2.33,1.11,1.77,0.44,1.22,2,0,2.0,0.0,2,2,2,0.8,0.64,10,10,2.4,3.04,14,14,2.8,4.48,28,25,8.0,8.0,0,0,0.0,0.0,2.8,2.24,9,9,3.6,4.32,4,9,5,6.4,2.08,5,2.0,0.8,2.4,2.8,0.25,0.1,0.3,0.35,0.4131945036771,0.309338157101142
43780952,2,5,-0.136603,2,5,-0.136603,0.0,-1.68455355370331,12,83,71,50.2,30.56,12,10.811,88.90585,78.09485,46.0814924,34.25948608,10.811,190,106,131.0,47.2,1.22,2.19,0.97,1.742,0.4176,1.22,2,0,2.0,0.0,2,3,3,1.0,0.8,1,1,0.4,0.48,0,0,0.0,0.0,5,2,3.4,0.64,0,0,0.0,0.0,2.6,2.08,9,9,3.6,4.32,3,9,6,6.2,2.24,5,2.0,1.0,0.4,0.0,0.588235294117647,0.294117647058823,0.117647058823529,0.0,0.22161479410212,0.3349241144117
84135296,2,5,-0.136603,2,5,-0.136603,0.0,-1.74068401218031,12,88,76,51.2,31.36,12,10.811,88.90585,78.09485,46.29974,34.084888,10.811,190,106,130.6,47.52,1.22,2.58,1.36,1.82,0.48,1.22,2,0,2.0,0.0,2,4,4,1.2,1.12,1,1,0.4,0.48,0,0,0.0,0.0,6,3,3.6,0.96,0,0,0.0,0.0,2.4,2.08,9,9,3.6,4.32,2,9,7,6.0,2.4,5,2.0,1.2,0.4,0.0,0.555555555555556,0.333333333333333,0.111111111111111,0.0,15229912.2224041,0.333483220730307
32450971,2,5,-0.136603,2,5,-0.136603,0.0,-1.59945984029028,12,72,60,47.6,28.48,12,10.811,112.411,101.6,62.36894,41.246352,10.811,190,106,138.4,43.52,1.22,2.04,0.82,1.642,0.3376,1.22,2,0,2.0,0.0,2,1,1,0.4,0.48,10,10,2.4,3.04,0,0,0.0,0.0,12,9,4.8,2.88,0,0,0.0,0.0,2.0,2.4,9,9,3.6,4.32,0,9,9,5.6,2.72,5,2.0,0.4,2.4,0.0,0.416666666666667,0.0833333333333333,0.5,0.0,0.399360031353119,0.302228149649038
58642793,2,5,-0.136603,2,5,-0.136603,0.0,-1.62155511398796,12,74,62,48.4,29.12,12,10.811,88.90585,78.09485,53.83134,34.416272,10.811,190,106,134.0,44.8,1.22,2.04,0.82,1.666,0.3568,1.22,2,0,2.0,0.0,2,1,1,0.6,0.48,10,10,2.4,3.04,0,0,0.0,0.0,13,10,5.0,3.2,0,0,0.0,0.0,3.0,2.4,9,9,3.6,4.32,5,9,4,6.6,1.92,5,2.0,0.6,2.4,0.0,0.4,0.12,0.48,0.0,0.351679630623515,0.304617729274255
43206985,2,32,-0.149882,2,5,-0.136603,0.0132789999999999,-1.65590421160223,12,79,67,49.4,29.92,12,10.811,88.90585,78.09485,54.41474,34.882992,10.811,190,106,133.6,45.12,1.22,2.04,0.82,1.706,0.3888,1.22,2,0,2.0,0.0,2,2,2,0.8,0.64,10,10,2.4,3.04,0,0,0.0,0.0,14,11,5.2,3.52,0,0,0.0,0.0,2.8,2.24,9,9,3.6,4.32,4,9,5,6.4,2.08,5,2.0,0.8,2.4,0.0,0.384615384615385,0.153846153846154,0.461538461538462,0.0,0.301185407882744,0.319731337741697
36509124,2,5,-0.136603,2,5,-0.136603,0.0,-1.61614379711169,12,75,63,48.6,29.28,12,10.811,114.818,104.007,62.85034,41.631472,10.811,190,106,138.0,43.2,1.22,2.04,0.82,1.66,0.352,1.22,2,0,2.0,0.0,2,1,1,0.6,0.48,10,10,2.4,3.04,0,0,0.0,0.0,13,10,5.0,3.2,0,0,0.0,0.0,3.0,2.4,9,9,3.6,4.32,5,9,4,6.6,1.92,5,2.0,0.6,2.4,0.0,0.4,0.12,0.48,0.0,0.405257290814673,0.301851901522851
81294637,1,39,-0.150727,2,5,-0.136603,0.0141239999999999,-1.63736958707532,12,78,66,49.2,29.76,12,10.811,88.90585,78.09485,45.50384,34.721608,10.811,190,106,131.8,46.56,1.22,2.04,0.82,1.684,0.3712,1.22,2,0,2.0,0.0,2,2,2,0.8,0.64,1,1,0.4,0.48,0,0,0.0,0.0,4,1,3.2,0.32,0,0,0.0,0.0,2.8,2.24,9,9,3.6,4.32,4,9,5,6.4,2.08,5,2.0,0.8,0.4,0.0,0.625,0.25,0.125,0.0,0.292578279569224,0.32428517299299
98526013,2,50,-0.14445,2,5,-0.136603,0.0078469999999999,-1.64758266356491,12,80,68,49.6,30.08,12,10.811,118.71,107.899,63.62874,42.254192,10.811,190,106,137.4,42.72,1.22,2.04,0.82,1.696,0.3808,1.22,2,0,2.0,0.0,2,2,2,0.8,0.64,10,10,2.4,3.04,0,0,0.0,0.0,14,11,5.2,3.52,0,0,0.0,0.0,2.8,2.24,9,9,3.6,4.32,4,9,5,6.4,2.08,5,2.0,0.8,2.4,0.0,0.384615384615385,0.153846153846154,0.461538461538462,0.0,0.36265632648792,0.301851901522851
50942871,2,5,-0.136603,2,5,-0.136603,0.0,-1.58598473209037,12,76,64,48.8,29.44,12,10.811,204.3833,193.5723,80.7634,55.96192,10.811,190,106,138.6,43.68,1.22,2.04,0.82,1.628,0.3296,1.22,2,0,2.0,0.0,2,1,1,0.6,0.48,10,10,2.4,3.04,14,14,2.8,4.48,27,24,7.8,7.68,0,0,0.0,0.0,3.0,2.4,9,9,3.6,4.32,5,9,4,6.6,1.92,5,2.0,0.6,2.4,2.8,0.256410256410256,0.0769230769230769,0.307692307692308,0.358974358974359,0.450254909028039,0.30816399964714
96138204,2,5,-0.136603,2,5,-0.136603,0.0,-1.59181571565379,12,72,60,47.4,28.32,12,10.811,88.90585,78.09485,52.96274,33.721392,10.811,190,106,134.0,44.8,1.22,2.04,0.82,1.634,0.3312,1.22,2,0,2.0,0.0,2,1,1,0.4,0.48,10,10,2.4,3.04,0,0,0.0,0.0,12,9,4.8,2.88,0,0,0.0,0.0,2.0,2.4,9,9,3.6,4.32,0,9,9,5.6,2.72,5,2.0,0.4,2.4,0.0,0.416666666666667,0.0833333333333333,0.5,0.0,0.387886968573457,0.30251785287486
83265941,3,42,-0.153347,3,42,-0.153347,0.0,-2.00046223109303,50,72,22,62.6,10.08,50,10.811,95.96,85.149,55.7844,35.97872,10.811,154,70,119.6,28.48,1.65,2.16,0.51,2.01,0.144,2.04,1,1,1.6,0.48,1,1,1,0.4,0.48,10,10,4.0,3.2,0,0,0.0,0.0,12,9,6.0,2.4,1,1,0.4,0.48,2.0,2.4,5,5,2.0,2.4,0,6,6,4.4,1.76,5,1.6,0.4,4.0,0.0,0.266666666666667,0.0666666666666666,0.666666666666667,0.0,1.17862190126283,0.211706612085769
67905128,1,30,-0.222725,1,45,-0.154624,0.068101,-2.04419722601972,59,72,13,66.2,5.76,59,10.811,102.9055,92.0945,58.5626,38.20128,10.811,142,58,114.8,24.64,1.65,2.28,0.63,2.058,0.1776,2.04,1,1,1.6,0.48,1,1,1,0.4,0.48,10,10,5.2,4.16,0,0,0.0,0.0,12,9,7.2,3.36,1,1,0.4,0.48,2.0,2.4,2,2,0.8,0.96,0,5,5,3.2,1.44,3,1.6,0.4,5.2,0.0,0.222222222222222,0.0555555555555555,0.722222222222222,0.0,0.858151618179169,0.198687728150178
56893071,3,44,-0.210375,3,44,-0.210375,0.0,-2.01519894970704,56,72,16,65.0,7.2,56,10.811,101.07,90.259,57.8284,37.61392,10.811,146,62,116.4,25.92,1.65,2.2,0.55,2.026,0.1504,2.04,1,1,1.6,0.48,1,1,1,0.4,0.48,10,10,4.8,3.84,0,0,0.0,0.0,12,9,6.8,3.04,1,1,0.4,0.48,2.0,2.4,3,3,1.2,1.44,0,5,5,3.6,1.44,4,1.6,0.4,4.8,0.0,0.235294117647059,0.0588235294117647,0.705882352941177,0.0,1.18612157853535,0.202199855056514
83197206,3,74,-0.220603,3,74,-0.220603,0.0,-2.07259123410601,51,72,21,63.0,9.6,51,10.811,183.84,173.029,90.9364,74.32288,10.811,162,78,122.8,31.36,1.65,2.36,0.71,2.09,0.216,2.04,2,0,2.0,0.0,2,1,1,0.4,0.48,10,10,3.6,2.88,14,14,5.6,6.72,20,17,11.6,6.88,0,0,0.0,0.0,2.0,2.4,6,6,2.4,2.88,0,6,6,4.4,1.76,5,2.0,0.4,3.6,5.6,0.172413793103448,0.0344827586206896,0.310344827586207,0.482758620689655,1.62902283452229,0.204023067472066
81693024,1,30,-0.222725,1,27,-0.204497,0.0182279999999999,-1.89239588722664,58,72,14,65.8,6.24,58,10.811,65.38,54.569,40.973678,24.1301424,10.811,126,42,108.4,19.52,1.65,2.04,0.39,1.898,0.1136,1.88,2,0,2.0,0.0,2,1,1,0.4,0.48,10,10,4.8,3.84,0,0,0.0,0.0,12,9,7.2,3.36,0,0,0.0,0.0,2.0,2.4,3,3,1.2,1.44,0,5,5,3.2,1.44,3,2.0,0.4,4.8,0.0,0.277777777777778,0.0555555555555555,0.666666666666667,0.0,0.998403755420599,0.188094099929128
70843926,2,5,-0.136603,2,5,-0.136603,0.0,-1.80049571043186,49,72,23,62.2,10.56,49,10.811,65.38,54.569,38.19884,21.910272,10.811,139,55,113.6,23.68,1.65,2.04,0.39,1.81,0.184,1.66,1,1,1.6,0.48,1,1,1,0.4,0.48,10,10,4.0,3.2,0,0,0.0,0.0,12,9,6.0,2.4,1,1,0.4,0.48,2.0,2.4,5,5,2.0,2.4,0,6,6,4.4,1.76,5,1.6,0.4,4.0,0.0,0.266666666666667,0.0666666666666666,0.666666666666667,0.0,1.00827634430334,0.195372290231044
16375284,3,26,-0.295049,1,30,-0.222725,0.072324,-1.87210107090552,55,72,17,64.6,7.68,55,10.811,65.38,54.569,39.7384,23.14192,10.811,132,48,110.8,21.44,1.65,2.04,0.39,1.878,0.1296,1.83,2,0,2.0,0.0,2,1,1,0.4,0.48,10,10,4.4,3.52,0,0,0.0,0.0,12,9,6.8,3.04,0,0,0.0,0.0,2.0,2.4,4,4,1.6,1.92,0,5,5,3.6,1.44,4,2.0,0.4,4.4,0.0,0.294117647058823,0.0588235294117647,0.647058823529412,0.0,1.12257282052224,0.188094099929128
70251698,1,28,-0.210764,1,28,-0.210764,0.0,-1.90441767140977,61,72,11,67.0,4.8,61,10.811,65.38,54.569,40.87776,24.053408,10.811,124,40,107.6,18.88,1.65,2.04,0.39,1.91,0.104,1.91,2,0,2.0,0.0,2,1,1,0.4,0.48,10,10,5.2,4.16,0,0,0.0,0.0,12,9,7.6,3.68,0,0,0.0,0.0,2.0,2.4,2,2,0.8,0.96,0,5,5,2.8,1.76,2,2.0,0.4,5.2,0.0,0.263157894736842,0.0526315789473684,0.684210526315789,0.0,0.914778371731651,0.189422220511447
24501987,3,43,-0.270262,3,43,-0.270262,0.0,-1.90042308023832,53,72,19,63.8,8.64,53,10.811,98.0,87.189,56.6004,36.63152,10.811,147,63,116.8,26.24,1.65,2.04,0.39,1.906,0.1072,1.9,2,0,2.0,0.0,2,1,1,0.4,0.48,10,10,4.0,3.2,0,0,0.0,0.0,12,9,6.4,2.72,0,0,0.0,0.0,2.0,2.4,5,5,2.0,2.4,0,5,5,4.0,1.6,5,2.0,0.4,4.0,0.0,0.3125,0.0625,0.625,0.0,1.12358921419053,0.205887700005735
35842190,3,40,-0.150673,3,40,-0.150673,0.0,-1.63967546627314,44,73,29,61.0,13.6,44,10.811,91.224,80.413,46.21030772,36.010953824,10.811,175,91,127.8,37.76,1.33,2.04,0.71,1.67,0.296,1.33,2,0,2.0,0.0,2,1,1,0.6,0.48,2,2,0.8,0.96,0,0,0.0,0.0,4,1,3.4,0.48,0,0,0.0,0.0,3.0,2.4,8,8,3.2,3.84,5,8,3,6.2,1.44,5,2.0,0.6,0.8,0.0,0.588235294117647,0.176470588235294,0.235294117647059,0.0,0.291335904669035,0.253730382469685
81439706,3,40,-0.150673,3,40,-0.150673,0.0,-1.74214388985678,44,84,40,63.2,15.36,44,10.811,91.224,80.413,55.79832,35.989856,10.811,175,91,127.4,38.08,1.33,2.18,0.85,1.784,0.3632,1.33,2,0,2.0,0.0,2,3,3,1.0,0.8,10,10,2.8,2.88,0,0,0.0,0.0,15,12,5.8,3.68,0,0,0.0,0.0,2.6,2.08,8,8,3.2,3.84,3,8,5,5.8,1.76,5,2.0,1.0,2.8,0.0,0.344827586206897,0.172413793103448,0.482758620689655,0.0,0.253670588220008,0.259209876971558
72150386,3,40,-0.150673,3,40,-0.150673,0.0,-1.76548449397313,44,81,37,62.6,14.88,44,10.811,207.2,196.389,82.254,57.1544,10.811,175,91,132.8,39.04,1.33,2.33,1.0,1.814,0.3872,1.33,2,0,2.0,0.0,2,2,2,0.8,0.64,10,10,2.8,2.88,14,14,2.8,4.48,28,25,8.4,7.84,0,0,0.0,0.0,2.8,2.24,8,8,3.2,3.84,4,8,4,6.0,1.6,5,2.0,0.8,2.8,2.8,0.238095238095238,0.0952380952380952,0.333333333333333,0.333333333333333,0.361130091483894,0.280519703259021
87932541,3,40,-0.150673,3,40,-0.150673,0.0,-1.74373926239382,44,83,39,63.0,15.2,44,10.811,91.224,80.413,47.0087524,35.37219808,10.811,175,91,125.0,40.0,1.33,2.19,0.86,1.786,0.3648,1.33,2,0,2.0,0.0,2,3,3,1.0,0.8,2,2,0.8,0.96,0,0,0.0,0.0,5,2,3.8,0.64,0,0,0.0,0.0,2.6,2.08,8,8,3.2,3.84,3,8,5,5.8,1.76,5,2.0,1.0,0.8,0.0,0.526315789473684,0.263157894736842,0.210526315789474,0.0,0.188887966449883,0.272831172793036
80163975,3,40,-0.150673,3,40,-0.150673,0.0,-1.80184182852912,44,88,44,64.0,16.0,44,10.811,91.224,80.413,47.227,35.1976,10.811,175,91,124.6,40.32,1.33,2.58,1.25,1.864,0.4272,1.33,2,0,2.0,0.0,2,4,4,1.2,1.12,2,2,0.8,0.96,0,0,0.0,0.0,6,3,4.0,0.8,0,0,0.0,0.0,2.4,2.08,8,8,3.2,3.84,2,8,6,5.6,1.92,5,2.0,1.2,0.8,0.0,0.5,0.3,0.2,0.0,16384124.0084095,0.271520914645437
65483790,3,40,-0.150673,3,40,-0.150673,0.0,-1.65565583593641,44,72,28,60.4,13.12,44,10.811,112.411,101.6,63.2962,41.98816,10.811,175,91,132.4,38.72,1.33,2.04,0.71,1.686,0.2848,1.33,2,0,2.0,0.0,2,1,1,0.4,0.48,10,10,2.8,2.88,0,0,0.0,0.0,12,9,5.2,2.72,0,0,0.0,0.0,2.0,2.4,8,8,3.2,3.84,0,8,8,5.2,2.24,5,2.0,0.4,2.8,0.0,0.384615384615385,0.0769230769230769,0.538461538461538,0.0,0.337605391331273,0.262954625331178
57129046,3,40,-0.150673,3,40,-0.150673,0.0,-1.67852741290426,44,74,30,61.2,13.76,44,10.811,91.224,80.413,54.7586,35.15808,10.811,175,91,128.0,37.6,1.33,2.04,0.71,1.71,0.304,1.33,2,0,2.0,0.0,2,1,1,0.6,0.48,10,10,2.8,2.88,0,0,0.0,0.0,13,10,5.4,3.04,0,0,0.0,0.0,3.0,2.4,8,8,3.2,3.84,5,8,3,6.2,1.44,5,2.0,0.6,2.8,0.0,0.37037037037037,0.111111111111111,0.518518518518518,0.0,0.288249899629647,0.252497249948616
64213980,3,40,-0.150673,3,40,-0.150673,0.0,-1.71408334403279,44,79,35,62.2,14.56,44,10.811,91.224,80.413,55.342,35.6248,10.811,175,91,127.6,37.92,1.33,2.04,0.71,1.75,0.336,1.33,2,0,2.0,0.0,2,2,2,0.8,0.64,10,10,2.8,2.88,0,0,0.0,0.0,14,11,5.6,3.36,0,0,0.0,0.0,2.8,2.24,8,8,3.2,3.84,4,8,4,6.0,1.6,5,2.0,0.8,2.8,0.0,0.357142857142857,0.142857142857143,0.5,0.0,0.259125522767356,0.259993958960147
12086359,3,40,-0.150673,3,40,-0.150673,0.0,-1.67292597288019,44,75,31,61.4,13.92,44,10.811,114.818,104.007,63.7776,42.37328,10.811,175,91,132.0,38.4,1.33,2.04,0.71,1.704,0.2992,1.33,2,0,2.0,0.0,2,1,1,0.6,0.48,10,10,2.8,2.88,0,0,0.0,0.0,13,10,5.4,3.04,0,0,0.0,0.0,3.0,2.4,8,8,3.2,3.84,5,8,3,6.2,1.44,5,2.0,0.6,2.8,0.0,0.37037037037037,0.111111111111111,0.518518518518518,0.0,0.345149477499318,0.261365561965106
45726190,3,40,-0.150673,3,40,-0.150673,0.0,-1.69489751736064,44,78,34,62.0,14.4,44,10.811,91.224,80.413,46.4311,35.83432,10.811,175,91,125.8,39.36,1.33,2.04,0.71,1.728,0.3184,1.33,2,0,2.0,0.0,2,2,2,0.8,0.64,2,2,0.8,0.96,0,0,0.0,0.0,4,1,3.6,0.48,0,0,0.0,0.0,2.8,2.24,8,8,3.2,3.84,4,8,4,6.0,1.6,5,2.0,0.8,0.8,0.0,0.555555555555556,0.222222222222222,0.222222222222222,0.0,0.242996042127966,0.263570544455797
65374182,3,40,-0.150673,3,40,-0.150673,0.0,-1.70546942374236,44,80,36,62.4,14.72,44,10.811,118.71,107.899,64.556,42.996,10.811,175,91,131.4,37.92,1.33,2.04,0.71,1.74,0.328,1.33,2,0,2.0,0.0,2,2,2,0.8,0.64,10,10,2.8,2.88,0,0,0.0,0.0,14,11,5.6,3.36,0,0,0.0,0.0,2.8,2.24,8,8,3.2,3.84,4,8,4,6.0,1.6,5,2.0,0.8,2.8,0.0,0.357142857142857,0.142857142857143,0.5,0.0,0.310420378767427,0.261365561965106
63975401,3,40,-0.150673,3,40,-0.150673,0.0,-1.6417072884524,44,76,32,61.6,14.08,44,10.811,204.3833,193.5723,81.69066,56.703728,10.811,175,91,132.6,38.88,1.33,2.04,0.71,1.672,0.2944,1.33,2,0,2.0,0.0,2,1,1,0.6,0.48,10,10,2.8,2.88,14,14,2.8,4.48,27,24,8.2,7.52,0,0,0.0,0.0,3.0,2.4,8,8,3.2,3.84,5,8,3,6.2,1.44,5,2.0,0.6,2.8,2.8,0.24390243902439,0.073170731707317,0.341463414634146,0.341463414634146,0.389809268703694,0.278121511168405
46879352,3,40,-0.150673,3,40,-0.150673,0.0,-1.64774313988352,44,72,28,60.2,12.96,44,10.811,91.224,80.413,53.89,34.4632,10.811,175,91,128.0,37.6,1.33,2.04,0.71,1.678,0.2896,1.33,2,0,2.0,0.0,2,1,1,0.4,0.48,10,10,2.8,2.88,0,0,0.0,0.0,12,9,5.2,2.72,0,0,0.0,0.0,2.0,2.4,8,8,3.2,3.84,0,8,8,5.2,2.24,5,2.0,0.4,2.8,0.0,0.384615384615385,0.0769230769230769,0.538461538461538,0.0,0.316578184671233,0.253441304432607
